1;ANO;2023-01-01 00:00:00.000;1;Domingo;SIM;NULL;NAO;1;Janeiro;1;NOME_TRIMESTRE;1;NOME_SEMESTRE;2023
2;DIA;2023-01-02 00:00:00.000;2;Segunda-Feira;NAO;NULL;NAO;1;Janeiro;1;NOME_TRIMESTRE;1;NOME_SEMESTRE;2023
3;DIA;2023-01-03 00:00:00.000;3;Terça-Feira;NAO;NULL;NAO;1;Janeiro;1;NOME_TRIMESTRE;1;NOME_SEMESTRE;2023
4;DIA;2023-01-04 00:00:00.000;4;Quarta-Feira;NAO;NULL;NAO;1;Janeiro;1;NOME_TRIMESTRE;1;NOME_SEMESTRE;2023
5;DIA;2023-01-05 00:00:00.000;5;Quinta-Feira;NAO;NULL;NAO;1;Janeiro;1;NOME_TRIMESTRE;1;NOME_SEMESTRE;2023
6;DIA;2023-01-06 00:00:00.000;6;Sexta-Feira;NAO;NULL;NAO;1;Janeiro;1;NOME_TRIMESTRE;1;NOME_SEMESTRE;2023
7;DIA;2023-01-07 00:00:00.000;7;Sábado;SIM;NULL;NAO;1;Janeiro;1;NOME_TRIMESTRE;1;NOME_SEMESTRE;2023
8;DIA;2023-01-08 00:00:00.000;8;Domingo;SIM;NULL;NAO;1;Janeiro;1;NOME_TRIMESTRE;1;NOME_SEMESTRE;2023
9;DIA;2023-01-09 00:00:00.000;9;Segunda-Feira;NAO;NULL;NAO;1;Janeiro;1;NOME_TRIMESTRE;1;NOME_SEMESTRE;2023
10;DIA;2023-01-10 00:00:00.000;10;Terça-Feira;NAO;NULL;NAO;1;Janeiro;1;NOME_TRIMESTRE;1;NOME_SEMESTRE;2023
11;DIA;2023-01-11 00:00:00.000;11;Quarta-Feira;NAO;NULL;NAO;1;Janeiro;1;NOME_TRIMESTRE;1;NOME_SEMESTRE;2023
12;DIA;2023-01-12 00:00:00.000;12;Quinta-Feira;NAO;NULL;NAO;1;Janeiro;1;NOME_TRIMESTRE;1;NOME_SEMESTRE;2023
13;DIA;2023-01-13 00:00:00.000;13;Sexta-Feira;NAO;NULL;NAO;1;Janeiro;1;NOME_TRIMESTRE;1;NOME_SEMESTRE;2023
14;DIA;2023-01-14 00:00:00.000;14;Sábado;SIM;NULL;NAO;1;Janeiro;1;NOME_TRIMESTRE;1;NOME_SEMESTRE;2023
15;DIA;2023-01-15 00:00:00.000;15;Domingo;SIM;NULL;NAO;1;Janeiro;1;NOME_TRIMESTRE;1;NOME_SEMESTRE;2023
16;DIA;2023-01-16 00:00:00.000;16;Segunda-Feira;NAO;NULL;NAO;1;Janeiro;1;NOME_TRIMESTRE;1;NOME_SEMESTRE;2023
17;DIA;2023-01-17 00:00:00.000;17;Terça-Feira;NAO;NULL;NAO;1;Janeiro;1;NOME_TRIMESTRE;1;NOME_SEMESTRE;2023
18;DIA;2023-01-18 00:00:00.000;18;Quarta-Feira;NAO;NULL;NAO;1;Janeiro;1;NOME_TRIMESTRE;1;NOME_SEMESTRE;2023
19;DIA;2023-01-19 00:00:00.000;19;Quinta-Feira;NAO;NULL;NAO;1;Janeiro;1;NOME_TRIMESTRE;1;NOME_SEMESTRE;2023
20;DIA;2023-01-20 00:00:00.000;20;Sexta-Feira;NAO;NULL;NAO;1;Janeiro;1;NOME_TRIMESTRE;1;NOME_SEMESTRE;2023
21;DIA;2023-01-21 00:00:00.000;21;Sábado;SIM;NULL;NAO;1;Janeiro;1;NOME_TRIMESTRE;1;NOME_SEMESTRE;2023
22;DIA;2023-01-22 00:00:00.000;22;Domingo;SIM;NULL;NAO;1;Janeiro;1;NOME_TRIMESTRE;1;NOME_SEMESTRE;2023
23;DIA;2023-01-23 00:00:00.000;23;Segunda-Feira;NAO;NULL;NAO;1;Janeiro;1;NOME_TRIMESTRE;1;NOME_SEMESTRE;2023
24;DIA;2023-01-24 00:00:00.000;24;Terça-Feira;NAO;NULL;NAO;1;Janeiro;1;NOME_TRIMESTRE;1;NOME_SEMESTRE;2023
25;DIA;2023-01-25 00:00:00.000;25;Quarta-Feira;NAO;NULL;NAO;1;Janeiro;1;NOME_TRIMESTRE;1;NOME_SEMESTRE;2023
26;DIA;2023-01-26 00:00:00.000;26;Quinta-Feira;NAO;NULL;NAO;1;Janeiro;1;NOME_TRIMESTRE;1;NOME_SEMESTRE;2023
27;DIA;2023-01-27 00:00:00.000;27;Sexta-Feira;NAO;NULL;NAO;1;Janeiro;1;NOME_TRIMESTRE;1;NOME_SEMESTRE;2023
28;DIA;2023-01-28 00:00:00.000;28;Sábado;SIM;NULL;NAO;1;Janeiro;1;NOME_TRIMESTRE;1;NOME_SEMESTRE;2023
29;DIA;2023-01-29 00:00:00.000;29;Domingo;SIM;NULL;NAO;1;Janeiro;1;NOME_TRIMESTRE;1;NOME_SEMESTRE;2023
30;DIA;2023-01-30 00:00:00.000;30;Segunda-Feira;NAO;NULL;NAO;1;Janeiro;1;NOME_TRIMESTRE;1;NOME_SEMESTRE;2023
31;DIA;2023-01-31 00:00:00.000;31;Terça-Feira;NAO;NULL;NAO;1;Janeiro;1;NOME_TRIMESTRE;1;NOME_SEMESTRE;2023
32;MES;2023-02-01 00:00:00.000;1;Quarta-Feira;NAO;NULL;NAO;2;Fevereiro;1;NOME_TRIMESTRE;1;NOME_SEMESTRE;2023
33;DIA;2023-02-02 00:00:00.000;2;Quinta-Feira;NAO;NULL;NAO;2;Fevereiro;1;NOME_TRIMESTRE;1;NOME_SEMESTRE;2023
34;DIA;2023-02-03 00:00:00.000;3;Sexta-Feira;NAO;NULL;NAO;2;Fevereiro;1;NOME_TRIMESTRE;1;NOME_SEMESTRE;2023
35;DIA;2023-02-04 00:00:00.000;4;Sábado;SIM;NULL;NAO;2;Fevereiro;1;NOME_TRIMESTRE;1;NOME_SEMESTRE;2023
36;DIA;2023-02-05 00:00:00.000;5;Domingo;SIM;NULL;NAO;2;Fevereiro;1;NOME_TRIMESTRE;1;NOME_SEMESTRE;2023
37;DIA;2023-02-06 00:00:00.000;6;Segunda-Feira;NAO;NULL;NAO;2;Fevereiro;1;NOME_TRIMESTRE;1;NOME_SEMESTRE;2023
38;DIA;2023-02-07 00:00:00.000;7;Terça-Feira;NAO;NULL;NAO;2;Fevereiro;1;NOME_TRIMESTRE;1;NOME_SEMESTRE;2023
39;DIA;2023-02-08 00:00:00.000;8;Quarta-Feira;NAO;NULL;NAO;2;Fevereiro;1;NOME_TRIMESTRE;1;NOME_SEMESTRE;2023
40;DIA;2023-02-09 00:00:00.000;9;Quinta-Feira;NAO;NULL;NAO;2;Fevereiro;1;NOME_TRIMESTRE;1;NOME_SEMESTRE;2023
41;DIA;2023-02-10 00:00:00.000;10;Sexta-Feira;NAO;NULL;NAO;2;Fevereiro;1;NOME_TRIMESTRE;1;NOME_SEMESTRE;2023
42;DIA;2023-02-11 00:00:00.000;11;Sábado;SIM;NULL;NAO;2;Fevereiro;1;NOME_TRIMESTRE;1;NOME_SEMESTRE;2023
43;DIA;2023-02-12 00:00:00.000;12;Domingo;SIM;NULL;NAO;2;Fevereiro;1;NOME_TRIMESTRE;1;NOME_SEMESTRE;2023
44;DIA;2023-02-13 00:00:00.000;13;Segunda-Feira;NAO;NULL;NAO;2;Fevereiro;1;NOME_TRIMESTRE;1;NOME_SEMESTRE;2023
45;DIA;2023-02-14 00:00:00.000;14;Terça-Feira;NAO;NULL;NAO;2;Fevereiro;1;NOME_TRIMESTRE;1;NOME_SEMESTRE;2023
46;DIA;2023-02-15 00:00:00.000;15;Quarta-Feira;NAO;NULL;NAO;2;Fevereiro;1;NOME_TRIMESTRE;1;NOME_SEMESTRE;2023
47;DIA;2023-02-16 00:00:00.000;16;Quinta-Feira;NAO;NULL;NAO;2;Fevereiro;1;NOME_TRIMESTRE;1;NOME_SEMESTRE;2023
48;DIA;2023-02-17 00:00:00.000;17;Sexta-Feira;NAO;NULL;NAO;2;Fevereiro;1;NOME_TRIMESTRE;1;NOME_SEMESTRE;2023
49;DIA;2023-02-18 00:00:00.000;18;Sábado;SIM;NULL;NAO;2;Fevereiro;1;NOME_TRIMESTRE;1;NOME_SEMESTRE;2023
50;DIA;2023-02-19 00:00:00.000;19;Domingo;SIM;NULL;NAO;2;Fevereiro;1;NOME_TRIMESTRE;1;NOME_SEMESTRE;2023
51;DIA;2023-02-20 00:00:00.000;20;Segunda-Feira;NAO;NULL;NAO;2;Fevereiro;1;NOME_TRIMESTRE;1;NOME_SEMESTRE;2023
52;DIA;2023-02-21 00:00:00.000;21;Terça-Feira;NAO;NULL;NAO;2;Fevereiro;1;NOME_TRIMESTRE;1;NOME_SEMESTRE;2023
53;DIA;2023-02-22 00:00:00.000;22;Quarta-Feira;NAO;NULL;NAO;2;Fevereiro;1;NOME_TRIMESTRE;1;NOME_SEMESTRE;2023
54;DIA;2023-02-23 00:00:00.000;23;Quinta-Feira;NAO;NULL;NAO;2;Fevereiro;1;NOME_TRIMESTRE;1;NOME_SEMESTRE;2023
55;DIA;2023-02-24 00:00:00.000;24;Sexta-Feira;NAO;NULL;NAO;2;Fevereiro;1;NOME_TRIMESTRE;1;NOME_SEMESTRE;2023
56;DIA;2023-02-25 00:00:00.000;25;Sábado;SIM;NULL;NAO;2;Fevereiro;1;NOME_TRIMESTRE;1;NOME_SEMESTRE;2023
57;DIA;2023-02-26 00:00:00.000;26;Domingo;SIM;NULL;NAO;2;Fevereiro;1;NOME_TRIMESTRE;1;NOME_SEMESTRE;2023
58;DIA;2023-02-27 00:00:00.000;27;Segunda-Feira;NAO;NULL;NAO;2;Fevereiro;1;NOME_TRIMESTRE;1;NOME_SEMESTRE;2023
59;DIA;2023-02-28 00:00:00.000;28;Terça-Feira;NAO;NULL;NAO;2;Fevereiro;1;NOME_TRIMESTRE;1;NOME_SEMESTRE;2023
60;MES;2023-03-01 00:00:00.000;1;Quarta-Feira;NAO;NULL;NAO;3;Março;1;NOME_TRIMESTRE;1;NOME_SEMESTRE;2023
61;DIA;2023-03-02 00:00:00.000;2;Quinta-Feira;NAO;NULL;NAO;3;Março;1;NOME_TRIMESTRE;1;NOME_SEMESTRE;2023
62;DIA;2023-03-03 00:00:00.000;3;Sexta-Feira;NAO;NULL;NAO;3;Março;1;NOME_TRIMESTRE;1;NOME_SEMESTRE;2023
63;DIA;2023-03-04 00:00:00.000;4;Sábado;SIM;NULL;NAO;3;Março;1;NOME_TRIMESTRE;1;NOME_SEMESTRE;2023
64;DIA;2023-03-05 00:00:00.000;5;Domingo;SIM;NULL;NAO;3;Março;1;NOME_TRIMESTRE;1;NOME_SEMESTRE;2023
65;DIA;2023-03-06 00:00:00.000;6;Segunda-Feira;NAO;NULL;NAO;3;Março;1;NOME_TRIMESTRE;1;NOME_SEMESTRE;2023
66;DIA;2023-03-07 00:00:00.000;7;Terça-Feira;NAO;NULL;NAO;3;Março;1;NOME_TRIMESTRE;1;NOME_SEMESTRE;2023
67;DIA;2023-03-08 00:00:00.000;8;Quarta-Feira;NAO;NULL;NAO;3;Março;1;NOME_TRIMESTRE;1;NOME_SEMESTRE;2023
68;DIA;2023-03-09 00:00:00.000;9;Quinta-Feira;NAO;NULL;NAO;3;Março;1;NOME_TRIMESTRE;1;NOME_SEMESTRE;2023
69;DIA;2023-03-10 00:00:00.000;10;Sexta-Feira;NAO;NULL;NAO;3;Março;1;NOME_TRIMESTRE;1;NOME_SEMESTRE;2023
70;DIA;2023-03-11 00:00:00.000;11;Sábado;SIM;NULL;NAO;3;Março;1;NOME_TRIMESTRE;1;NOME_SEMESTRE;2023
71;DIA;2023-03-12 00:00:00.000;12;Domingo;SIM;NULL;NAO;3;Março;1;NOME_TRIMESTRE;1;NOME_SEMESTRE;2023
72;DIA;2023-03-13 00:00:00.000;13;Segunda-Feira;NAO;NULL;NAO;3;Março;1;NOME_TRIMESTRE;1;NOME_SEMESTRE;2023
73;DIA;2023-03-14 00:00:00.000;14;Terça-Feira;NAO;NULL;NAO;3;Março;1;NOME_TRIMESTRE;1;NOME_SEMESTRE;2023
74;DIA;2023-03-15 00:00:00.000;15;Quarta-Feira;NAO;NULL;NAO;3;Março;1;NOME_TRIMESTRE;1;NOME_SEMESTRE;2023
75;DIA;2023-03-16 00:00:00.000;16;Quinta-Feira;NAO;NULL;NAO;3;Março;1;NOME_TRIMESTRE;1;NOME_SEMESTRE;2023
76;DIA;2023-03-17 00:00:00.000;17;Sexta-Feira;NAO;NULL;NAO;3;Março;1;NOME_TRIMESTRE;1;NOME_SEMESTRE;2023
77;DIA;2023-03-18 00:00:00.000;18;Sábado;SIM;NULL;NAO;3;Março;1;NOME_TRIMESTRE;1;NOME_SEMESTRE;2023
78;DIA;2023-03-19 00:00:00.000;19;Domingo;SIM;NULL;NAO;3;Março;1;NOME_TRIMESTRE;1;NOME_SEMESTRE;2023
79;DIA;2023-03-20 00:00:00.000;20;Segunda-Feira;NAO;NULL;NAO;3;Março;1;NOME_TRIMESTRE;1;NOME_SEMESTRE;2023
80;DIA;2023-03-21 00:00:00.000;21;Terça-Feira;NAO;NULL;NAO;3;Março;1;NOME_TRIMESTRE;1;NOME_SEMESTRE;2023
81;DIA;2023-03-22 00:00:00.000;22;Quarta-Feira;NAO;NULL;NAO;3;Março;1;NOME_TRIMESTRE;1;NOME_SEMESTRE;2023
82;DIA;2023-03-23 00:00:00.000;23;Quinta-Feira;NAO;NULL;NAO;3;Março;1;NOME_TRIMESTRE;1;NOME_SEMESTRE;2023
83;DIA;2023-03-24 00:00:00.000;24;Sexta-Feira;NAO;NULL;NAO;3;Março;1;NOME_TRIMESTRE;1;NOME_SEMESTRE;2023
84;DIA;2023-03-25 00:00:00.000;25;Sábado;SIM;NULL;NAO;3;Março;1;NOME_TRIMESTRE;1;NOME_SEMESTRE;2023
85;DIA;2023-03-26 00:00:00.000;26;Domingo;SIM;NULL;NAO;3;Março;1;NOME_TRIMESTRE;1;NOME_SEMESTRE;2023
86;DIA;2023-03-27 00:00:00.000;27;Segunda-Feira;NAO;NULL;NAO;3;Março;1;NOME_TRIMESTRE;1;NOME_SEMESTRE;2023
87;DIA;2023-03-28 00:00:00.000;28;Terça-Feira;NAO;NULL;NAO;3;Março;1;NOME_TRIMESTRE;1;NOME_SEMESTRE;2023
88;DIA;2023-03-29 00:00:00.000;29;Quarta-Feira;NAO;NULL;NAO;3;Março;1;NOME_TRIMESTRE;1;NOME_SEMESTRE;2023
89;DIA;2023-03-30 00:00:00.000;30;Quinta-Feira;NAO;NULL;NAO;3;Março;1;NOME_TRIMESTRE;1;NOME_SEMESTRE;2023
90;DIA;2023-03-31 00:00:00.000;31;Sexta-Feira;NAO;NULL;NAO;3;Março;1;NOME_TRIMESTRE;1;NOME_SEMESTRE;2023
91;MES;2023-04-01 00:00:00.000;1;Sábado;SIM;NULL;NAO;4;Abril;2;NOME_TRIMESTRE;1;NOME_SEMESTRE;2023
92;DIA;2023-04-02 00:00:00.000;2;Domingo;SIM;NULL;NAO;4;Abril;2;NOME_TRIMESTRE;1;NOME_SEMESTRE;2023
93;DIA;2023-04-03 00:00:00.000;3;Segunda-Feira;NAO;NULL;NAO;4;Abril;2;NOME_TRIMESTRE;1;NOME_SEMESTRE;2023
94;DIA;2023-04-04 00:00:00.000;4;Terça-Feira;NAO;NULL;NAO;4;Abril;2;NOME_TRIMESTRE;1;NOME_SEMESTRE;2023
95;DIA;2023-04-05 00:00:00.000;5;Quarta-Feira;NAO;NULL;NAO;4;Abril;2;NOME_TRIMESTRE;1;NOME_SEMESTRE;2023
96;DIA;2023-04-06 00:00:00.000;6;Quinta-Feira;NAO;NULL;NAO;4;Abril;2;NOME_TRIMESTRE;1;NOME_SEMESTRE;2023
97;DIA;2023-04-07 00:00:00.000;7;Sexta-Feira;NAO;NULL;NAO;4;Abril;2;NOME_TRIMESTRE;1;NOME_SEMESTRE;2023
98;DIA;2023-04-08 00:00:00.000;8;Sábado;SIM;NULL;NAO;4;Abril;2;NOME_TRIMESTRE;1;NOME_SEMESTRE;2023
99;DIA;2023-04-09 00:00:00.000;9;Domingo;SIM;NULL;NAO;4;Abril;2;NOME_TRIMESTRE;1;NOME_SEMESTRE;2023
100;DIA;2023-04-10 00:00:00.000;10;Segunda-Feira;NAO;NULL;NAO;4;Abril;2;NOME_TRIMESTRE;1;NOME_SEMESTRE;2023
101;DIA;2023-04-11 00:00:00.000;11;Terça-Feira;NAO;NULL;NAO;4;Abril;2;NOME_TRIMESTRE;1;NOME_SEMESTRE;2023
102;DIA;2023-04-12 00:00:00.000;12;Quarta-Feira;NAO;NULL;NAO;4;Abril;2;NOME_TRIMESTRE;1;NOME_SEMESTRE;2023
103;DIA;2023-04-13 00:00:00.000;13;Quinta-Feira;NAO;NULL;NAO;4;Abril;2;NOME_TRIMESTRE;1;NOME_SEMESTRE;2023
104;DIA;2023-04-14 00:00:00.000;14;Sexta-Feira;NAO;NULL;NAO;4;Abril;2;NOME_TRIMESTRE;1;NOME_SEMESTRE;2023
105;DIA;2023-04-15 00:00:00.000;15;Sábado;SIM;NULL;NAO;4;Abril;2;NOME_TRIMESTRE;1;NOME_SEMESTRE;2023
106;DIA;2023-04-16 00:00:00.000;16;Domingo;SIM;NULL;NAO;4;Abril;2;NOME_TRIMESTRE;1;NOME_SEMESTRE;2023
107;DIA;2023-04-17 00:00:00.000;17;Segunda-Feira;NAO;NULL;NAO;4;Abril;2;NOME_TRIMESTRE;1;NOME_SEMESTRE;2023
108;DIA;2023-04-18 00:00:00.000;18;Terça-Feira;NAO;NULL;NAO;4;Abril;2;NOME_TRIMESTRE;1;NOME_SEMESTRE;2023
109;DIA;2023-04-19 00:00:00.000;19;Quarta-Feira;NAO;NULL;NAO;4;Abril;2;NOME_TRIMESTRE;1;NOME_SEMESTRE;2023
110;DIA;2023-04-20 00:00:00.000;20;Quinta-Feira;NAO;NULL;NAO;4;Abril;2;NOME_TRIMESTRE;1;NOME_SEMESTRE;2023
111;DIA;2023-04-21 00:00:00.000;21;Sexta-Feira;NAO;NULL;NAO;4;Abril;2;NOME_TRIMESTRE;1;NOME_SEMESTRE;2023
112;DIA;2023-04-22 00:00:00.000;22;Sábado;SIM;NULL;NAO;4;Abril;2;NOME_TRIMESTRE;1;NOME_SEMESTRE;2023
113;DIA;2023-04-23 00:00:00.000;23;Domingo;SIM;NULL;NAO;4;Abril;2;NOME_TRIMESTRE;1;NOME_SEMESTRE;2023
114;DIA;2023-04-24 00:00:00.000;24;Segunda-Feira;NAO;NULL;NAO;4;Abril;2;NOME_TRIMESTRE;1;NOME_SEMESTRE;2023
115;DIA;2023-04-25 00:00:00.000;25;Terça-Feira;NAO;NULL;NAO;4;Abril;2;NOME_TRIMESTRE;1;NOME_SEMESTRE;2023
116;DIA;2023-04-26 00:00:00.000;26;Quarta-Feira;NAO;NULL;NAO;4;Abril;2;NOME_TRIMESTRE;1;NOME_SEMESTRE;2023
117;DIA;2023-04-27 00:00:00.000;27;Quinta-Feira;NAO;NULL;NAO;4;Abril;2;NOME_TRIMESTRE;1;NOME_SEMESTRE;2023
118;DIA;2023-04-28 00:00:00.000;28;Sexta-Feira;NAO;NULL;NAO;4;Abril;2;NOME_TRIMESTRE;1;NOME_SEMESTRE;2023
119;DIA;2023-04-29 00:00:00.000;29;Sábado;SIM;NULL;NAO;4;Abril;2;NOME_TRIMESTRE;1;NOME_SEMESTRE;2023
120;DIA;2023-04-30 00:00:00.000;30;Domingo;SIM;NULL;NAO;4;Abril;2;NOME_TRIMESTRE;1;NOME_SEMESTRE;2023
121;MES;2023-05-01 00:00:00.000;1;Segunda-Feira;NAO;NULL;NAO;5;Maio;2;NOME_TRIMESTRE;1;NOME_SEMESTRE;2023
122;DIA;2023-05-02 00:00:00.000;2;Terça-Feira;NAO;NULL;NAO;5;Maio;2;NOME_TRIMESTRE;1;NOME_SEMESTRE;2023
123;DIA;2023-05-03 00:00:00.000;3;Quarta-Feira;NAO;NULL;NAO;5;Maio;2;NOME_TRIMESTRE;1;NOME_SEMESTRE;2023
124;DIA;2023-05-04 00:00:00.000;4;Quinta-Feira;NAO;NULL;NAO;5;Maio;2;NOME_TRIMESTRE;1;NOME_SEMESTRE;2023
125;DIA;2023-05-05 00:00:00.000;5;Sexta-Feira;NAO;NULL;NAO;5;Maio;2;NOME_TRIMESTRE;1;NOME_SEMESTRE;2023
126;DIA;2023-05-06 00:00:00.000;6;Sábado;SIM;NULL;NAO;5;Maio;2;NOME_TRIMESTRE;1;NOME_SEMESTRE;2023
127;DIA;2023-05-07 00:00:00.000;7;Domingo;SIM;NULL;NAO;5;Maio;2;NOME_TRIMESTRE;1;NOME_SEMESTRE;2023
128;DIA;2023-05-08 00:00:00.000;8;Segunda-Feira;NAO;NULL;NAO;5;Maio;2;NOME_TRIMESTRE;1;NOME_SEMESTRE;2023
129;DIA;2023-05-09 00:00:00.000;9;Terça-Feira;NAO;NULL;NAO;5;Maio;2;NOME_TRIMESTRE;1;NOME_SEMESTRE;2023
130;DIA;2023-05-10 00:00:00.000;10;Quarta-Feira;NAO;NULL;NAO;5;Maio;2;NOME_TRIMESTRE;1;NOME_SEMESTRE;2023
131;DIA;2023-05-11 00:00:00.000;11;Quinta-Feira;NAO;NULL;NAO;5;Maio;2;NOME_TRIMESTRE;1;NOME_SEMESTRE;2023
132;DIA;2023-05-12 00:00:00.000;12;Sexta-Feira;NAO;NULL;NAO;5;Maio;2;NOME_TRIMESTRE;1;NOME_SEMESTRE;2023
133;DIA;2023-05-13 00:00:00.000;13;Sábado;SIM;NULL;NAO;5;Maio;2;NOME_TRIMESTRE;1;NOME_SEMESTRE;2023
134;DIA;2023-05-14 00:00:00.000;14;Domingo;SIM;NULL;NAO;5;Maio;2;NOME_TRIMESTRE;1;NOME_SEMESTRE;2023
135;DIA;2023-05-15 00:00:00.000;15;Segunda-Feira;NAO;NULL;NAO;5;Maio;2;NOME_TRIMESTRE;1;NOME_SEMESTRE;2023
136;DIA;2023-05-16 00:00:00.000;16;Terça-Feira;NAO;NULL;NAO;5;Maio;2;NOME_TRIMESTRE;1;NOME_SEMESTRE;2023
137;DIA;2023-05-17 00:00:00.000;17;Quarta-Feira;NAO;NULL;NAO;5;Maio;2;NOME_TRIMESTRE;1;NOME_SEMESTRE;2023
138;DIA;2023-05-18 00:00:00.000;18;Quinta-Feira;NAO;NULL;NAO;5;Maio;2;NOME_TRIMESTRE;1;NOME_SEMESTRE;2023
139;DIA;2023-05-19 00:00:00.000;19;Sexta-Feira;NAO;NULL;NAO;5;Maio;2;NOME_TRIMESTRE;1;NOME_SEMESTRE;2023
140;DIA;2023-05-20 00:00:00.000;20;Sábado;SIM;NULL;NAO;5;Maio;2;NOME_TRIMESTRE;1;NOME_SEMESTRE;2023
141;DIA;2023-05-21 00:00:00.000;21;Domingo;SIM;NULL;NAO;5;Maio;2;NOME_TRIMESTRE;1;NOME_SEMESTRE;2023
142;DIA;2023-05-22 00:00:00.000;22;Segunda-Feira;NAO;NULL;NAO;5;Maio;2;NOME_TRIMESTRE;1;NOME_SEMESTRE;2023
143;DIA;2023-05-23 00:00:00.000;23;Terça-Feira;NAO;NULL;NAO;5;Maio;2;NOME_TRIMESTRE;1;NOME_SEMESTRE;2023
144;DIA;2023-05-24 00:00:00.000;24;Quarta-Feira;NAO;NULL;NAO;5;Maio;2;NOME_TRIMESTRE;1;NOME_SEMESTRE;2023
145;DIA;2023-05-25 00:00:00.000;25;Quinta-Feira;NAO;NULL;NAO;5;Maio;2;NOME_TRIMESTRE;1;NOME_SEMESTRE;2023
146;DIA;2023-05-26 00:00:00.000;26;Sexta-Feira;NAO;NULL;NAO;5;Maio;2;NOME_TRIMESTRE;1;NOME_SEMESTRE;2023
147;DIA;2023-05-27 00:00:00.000;27;Sábado;SIM;NULL;NAO;5;Maio;2;NOME_TRIMESTRE;1;NOME_SEMESTRE;2023
148;DIA;2023-05-28 00:00:00.000;28;Domingo;SIM;NULL;NAO;5;Maio;2;NOME_TRIMESTRE;1;NOME_SEMESTRE;2023
149;DIA;2023-05-29 00:00:00.000;29;Segunda-Feira;NAO;NULL;NAO;5;Maio;2;NOME_TRIMESTRE;1;NOME_SEMESTRE;2023
150;DIA;2023-05-30 00:00:00.000;30;Terça-Feira;NAO;NULL;NAO;5;Maio;2;NOME_TRIMESTRE;1;NOME_SEMESTRE;2023
151;DIA;2023-05-31 00:00:00.000;31;Quarta-Feira;NAO;NULL;NAO;5;Maio;2;NOME_TRIMESTRE;1;NOME_SEMESTRE;2023
152;MES;2023-06-01 00:00:00.000;1;Quinta-Feira;NAO;NULL;NAO;6;Junho;2;NOME_TRIMESTRE;1;NOME_SEMESTRE;2023
153;DIA;2023-06-02 00:00:00.000;2;Sexta-Feira;NAO;NULL;NAO;6;Junho;2;NOME_TRIMESTRE;1;NOME_SEMESTRE;2023
154;DIA;2023-06-03 00:00:00.000;3;Sábado;SIM;NULL;NAO;6;Junho;2;NOME_TRIMESTRE;1;NOME_SEMESTRE;2023
155;DIA;2023-06-04 00:00:00.000;4;Domingo;SIM;NULL;NAO;6;Junho;2;NOME_TRIMESTRE;1;NOME_SEMESTRE;2023
156;DIA;2023-06-05 00:00:00.000;5;Segunda-Feira;NAO;NULL;NAO;6;Junho;2;NOME_TRIMESTRE;1;NOME_SEMESTRE;2023
157;DIA;2023-06-06 00:00:00.000;6;Terça-Feira;NAO;NULL;NAO;6;Junho;2;NOME_TRIMESTRE;1;NOME_SEMESTRE;2023
158;DIA;2023-06-07 00:00:00.000;7;Quarta-Feira;NAO;NULL;NAO;6;Junho;2;NOME_TRIMESTRE;1;NOME_SEMESTRE;2023
159;DIA;2023-06-08 00:00:00.000;8;Quinta-Feira;NAO;NULL;NAO;6;Junho;2;NOME_TRIMESTRE;1;NOME_SEMESTRE;2023
160;DIA;2023-06-09 00:00:00.000;9;Sexta-Feira;NAO;NULL;NAO;6;Junho;2;NOME_TRIMESTRE;1;NOME_SEMESTRE;2023
161;DIA;2023-06-10 00:00:00.000;10;Sábado;SIM;NULL;NAO;6;Junho;2;NOME_TRIMESTRE;1;NOME_SEMESTRE;2023
162;DIA;2023-06-11 00:00:00.000;11;Domingo;SIM;NULL;NAO;6;Junho;2;NOME_TRIMESTRE;1;NOME_SEMESTRE;2023
163;DIA;2023-06-12 00:00:00.000;12;Segunda-Feira;NAO;NULL;NAO;6;Junho;2;NOME_TRIMESTRE;1;NOME_SEMESTRE;2023
164;DIA;2023-06-13 00:00:00.000;13;Terça-Feira;NAO;NULL;NAO;6;Junho;2;NOME_TRIMESTRE;1;NOME_SEMESTRE;2023
165;DIA;2023-06-14 00:00:00.000;14;Quarta-Feira;NAO;NULL;NAO;6;Junho;2;NOME_TRIMESTRE;1;NOME_SEMESTRE;2023
166;DIA;2023-06-15 00:00:00.000;15;Quinta-Feira;NAO;NULL;NAO;6;Junho;2;NOME_TRIMESTRE;1;NOME_SEMESTRE;2023
167;DIA;2023-06-16 00:00:00.000;16;Sexta-Feira;NAO;NULL;NAO;6;Junho;2;NOME_TRIMESTRE;1;NOME_SEMESTRE;2023
168;DIA;2023-06-17 00:00:00.000;17;Sábado;SIM;NULL;NAO;6;Junho;2;NOME_TRIMESTRE;1;NOME_SEMESTRE;2023
169;DIA;2023-06-18 00:00:00.000;18;Domingo;SIM;NULL;NAO;6;Junho;2;NOME_TRIMESTRE;1;NOME_SEMESTRE;2023
170;DIA;2023-06-19 00:00:00.000;19;Segunda-Feira;NAO;NULL;NAO;6;Junho;2;NOME_TRIMESTRE;1;NOME_SEMESTRE;2023
171;DIA;2023-06-20 00:00:00.000;20;Terça-Feira;NAO;NULL;NAO;6;Junho;2;NOME_TRIMESTRE;1;NOME_SEMESTRE;2023
172;DIA;2023-06-21 00:00:00.000;21;Quarta-Feira;NAO;NULL;NAO;6;Junho;2;NOME_TRIMESTRE;1;NOME_SEMESTRE;2023
173;DIA;2023-06-22 00:00:00.000;22;Quinta-Feira;NAO;NULL;NAO;6;Junho;2;NOME_TRIMESTRE;1;NOME_SEMESTRE;2023
174;DIA;2023-06-23 00:00:00.000;23;Sexta-Feira;NAO;NULL;NAO;6;Junho;2;NOME_TRIMESTRE;1;NOME_SEMESTRE;2023
175;DIA;2023-06-24 00:00:00.000;24;Sábado;SIM;NULL;NAO;6;Junho;2;NOME_TRIMESTRE;1;NOME_SEMESTRE;2023
176;DIA;2023-06-25 00:00:00.000;25;Domingo;SIM;NULL;NAO;6;Junho;2;NOME_TRIMESTRE;1;NOME_SEMESTRE;2023
177;DIA;2023-06-26 00:00:00.000;26;Segunda-Feira;NAO;NULL;NAO;6;Junho;2;NOME_TRIMESTRE;1;NOME_SEMESTRE;2023
178;DIA;2023-06-27 00:00:00.000;27;Terça-Feira;NAO;NULL;NAO;6;Junho;2;NOME_TRIMESTRE;1;NOME_SEMESTRE;2023
179;DIA;2023-06-28 00:00:00.000;28;Quarta-Feira;NAO;NULL;NAO;6;Junho;2;NOME_TRIMESTRE;1;NOME_SEMESTRE;2023
180;DIA;2023-06-29 00:00:00.000;29;Quinta-Feira;NAO;NULL;NAO;6;Junho;2;NOME_TRIMESTRE;1;NOME_SEMESTRE;2023
181;DIA;2023-06-30 00:00:00.000;30;Sexta-Feira;NAO;NULL;NAO;6;Junho;2;NOME_TRIMESTRE;1;NOME_SEMESTRE;2023
182;MES;2023-07-01 00:00:00.000;1;Sábado;SIM;NULL;NAO;7;Julho;3;NOME_TRIMESTRE;2;NOME_SEMESTRE;2023
183;DIA;2023-07-02 00:00:00.000;2;Domingo;SIM;NULL;NAO;7;Julho;3;NOME_TRIMESTRE;2;NOME_SEMESTRE;2023
184;DIA;2023-07-03 00:00:00.000;3;Segunda-Feira;NAO;NULL;NAO;7;Julho;3;NOME_TRIMESTRE;2;NOME_SEMESTRE;2023
185;DIA;2023-07-04 00:00:00.000;4;Terça-Feira;NAO;NULL;NAO;7;Julho;3;NOME_TRIMESTRE;2;NOME_SEMESTRE;2023
186;DIA;2023-07-05 00:00:00.000;5;Quarta-Feira;NAO;NULL;NAO;7;Julho;3;NOME_TRIMESTRE;2;NOME_SEMESTRE;2023
187;DIA;2023-07-06 00:00:00.000;6;Quinta-Feira;NAO;NULL;NAO;7;Julho;3;NOME_TRIMESTRE;2;NOME_SEMESTRE;2023
188;DIA;2023-07-07 00:00:00.000;7;Sexta-Feira;NAO;NULL;NAO;7;Julho;3;NOME_TRIMESTRE;2;NOME_SEMESTRE;2023
189;DIA;2023-07-08 00:00:00.000;8;Sábado;SIM;NULL;NAO;7;Julho;3;NOME_TRIMESTRE;2;NOME_SEMESTRE;2023
190;DIA;2023-07-09 00:00:00.000;9;Domingo;SIM;NULL;NAO;7;Julho;3;NOME_TRIMESTRE;2;NOME_SEMESTRE;2023
191;DIA;2023-07-10 00:00:00.000;10;Segunda-Feira;NAO;NULL;NAO;7;Julho;3;NOME_TRIMESTRE;2;NOME_SEMESTRE;2023
192;DIA;2023-07-11 00:00:00.000;11;Terça-Feira;NAO;NULL;NAO;7;Julho;3;NOME_TRIMESTRE;2;NOME_SEMESTRE;2023
193;DIA;2023-07-12 00:00:00.000;12;Quarta-Feira;NAO;NULL;NAO;7;Julho;3;NOME_TRIMESTRE;2;NOME_SEMESTRE;2023
194;DIA;2023-07-13 00:00:00.000;13;Quinta-Feira;NAO;NULL;NAO;7;Julho;3;NOME_TRIMESTRE;2;NOME_SEMESTRE;2023
195;DIA;2023-07-14 00:00:00.000;14;Sexta-Feira;NAO;NULL;NAO;7;Julho;3;NOME_TRIMESTRE;2;NOME_SEMESTRE;2023
196;DIA;2023-07-15 00:00:00.000;15;Sábado;SIM;NULL;NAO;7;Julho;3;NOME_TRIMESTRE;2;NOME_SEMESTRE;2023
197;DIA;2023-07-16 00:00:00.000;16;Domingo;SIM;NULL;NAO;7;Julho;3;NOME_TRIMESTRE;2;NOME_SEMESTRE;2023
198;DIA;2023-07-17 00:00:00.000;17;Segunda-Feira;NAO;NULL;NAO;7;Julho;3;NOME_TRIMESTRE;2;NOME_SEMESTRE;2023
199;DIA;2023-07-18 00:00:00.000;18;Terça-Feira;NAO;NULL;NAO;7;Julho;3;NOME_TRIMESTRE;2;NOME_SEMESTRE;2023
200;DIA;2023-07-19 00:00:00.000;19;Quarta-Feira;NAO;NULL;NAO;7;Julho;3;NOME_TRIMESTRE;2;NOME_SEMESTRE;2023
201;DIA;2023-07-20 00:00:00.000;20;Quinta-Feira;NAO;NULL;NAO;7;Julho;3;NOME_TRIMESTRE;2;NOME_SEMESTRE;2023
202;DIA;2023-07-21 00:00:00.000;21;Sexta-Feira;NAO;NULL;NAO;7;Julho;3;NOME_TRIMESTRE;2;NOME_SEMESTRE;2023
203;DIA;2023-07-22 00:00:00.000;22;Sábado;SIM;NULL;NAO;7;Julho;3;NOME_TRIMESTRE;2;NOME_SEMESTRE;2023
204;DIA;2023-07-23 00:00:00.000;23;Domingo;SIM;NULL;NAO;7;Julho;3;NOME_TRIMESTRE;2;NOME_SEMESTRE;2023
205;DIA;2023-07-24 00:00:00.000;24;Segunda-Feira;NAO;NULL;NAO;7;Julho;3;NOME_TRIMESTRE;2;NOME_SEMESTRE;2023
206;DIA;2023-07-25 00:00:00.000;25;Terça-Feira;NAO;NULL;NAO;7;Julho;3;NOME_TRIMESTRE;2;NOME_SEMESTRE;2023
207;DIA;2023-07-26 00:00:00.000;26;Quarta-Feira;NAO;NULL;NAO;7;Julho;3;NOME_TRIMESTRE;2;NOME_SEMESTRE;2023
208;DIA;2023-07-27 00:00:00.000;27;Quinta-Feira;NAO;NULL;NAO;7;Julho;3;NOME_TRIMESTRE;2;NOME_SEMESTRE;2023
209;DIA;2023-07-28 00:00:00.000;28;Sexta-Feira;NAO;NULL;NAO;7;Julho;3;NOME_TRIMESTRE;2;NOME_SEMESTRE;2023
210;DIA;2023-07-29 00:00:00.000;29;Sábado;SIM;NULL;NAO;7;Julho;3;NOME_TRIMESTRE;2;NOME_SEMESTRE;2023
211;DIA;2023-07-30 00:00:00.000;30;Domingo;SIM;NULL;NAO;7;Julho;3;NOME_TRIMESTRE;2;NOME_SEMESTRE;2023
212;DIA;2023-07-31 00:00:00.000;31;Segunda-Feira;NAO;NULL;NAO;7;Julho;3;NOME_TRIMESTRE;2;NOME_SEMESTRE;2023
213;MES;2023-08-01 00:00:00.000;1;Terça-Feira;NAO;NULL;NAO;8;Agosto;3;NOME_TRIMESTRE;2;NOME_SEMESTRE;2023
214;DIA;2023-08-02 00:00:00.000;2;Quarta-Feira;NAO;NULL;NAO;8;Agosto;3;NOME_TRIMESTRE;2;NOME_SEMESTRE;2023
215;DIA;2023-08-03 00:00:00.000;3;Quinta-Feira;NAO;NULL;NAO;8;Agosto;3;NOME_TRIMESTRE;2;NOME_SEMESTRE;2023
216;DIA;2023-08-04 00:00:00.000;4;Sexta-Feira;NAO;NULL;NAO;8;Agosto;3;NOME_TRIMESTRE;2;NOME_SEMESTRE;2023
217;DIA;2023-08-05 00:00:00.000;5;Sábado;SIM;NULL;NAO;8;Agosto;3;NOME_TRIMESTRE;2;NOME_SEMESTRE;2023
218;DIA;2023-08-06 00:00:00.000;6;Domingo;SIM;NULL;NAO;8;Agosto;3;NOME_TRIMESTRE;2;NOME_SEMESTRE;2023
219;DIA;2023-08-07 00:00:00.000;7;Segunda-Feira;NAO;NULL;NAO;8;Agosto;3;NOME_TRIMESTRE;2;NOME_SEMESTRE;2023
220;DIA;2023-08-08 00:00:00.000;8;Terça-Feira;NAO;NULL;NAO;8;Agosto;3;NOME_TRIMESTRE;2;NOME_SEMESTRE;2023
221;DIA;2023-08-09 00:00:00.000;9;Quarta-Feira;NAO;NULL;NAO;8;Agosto;3;NOME_TRIMESTRE;2;NOME_SEMESTRE;2023
222;DIA;2023-08-10 00:00:00.000;10;Quinta-Feira;NAO;NULL;NAO;8;Agosto;3;NOME_TRIMESTRE;2;NOME_SEMESTRE;2023
223;DIA;2023-08-11 00:00:00.000;11;Sexta-Feira;NAO;NULL;NAO;8;Agosto;3;NOME_TRIMESTRE;2;NOME_SEMESTRE;2023
224;DIA;2023-08-12 00:00:00.000;12;Sábado;SIM;NULL;NAO;8;Agosto;3;NOME_TRIMESTRE;2;NOME_SEMESTRE;2023
225;DIA;2023-08-13 00:00:00.000;13;Domingo;SIM;NULL;NAO;8;Agosto;3;NOME_TRIMESTRE;2;NOME_SEMESTRE;2023
226;DIA;2023-08-14 00:00:00.000;14;Segunda-Feira;NAO;NULL;NAO;8;Agosto;3;NOME_TRIMESTRE;2;NOME_SEMESTRE;2023
227;DIA;2023-08-15 00:00:00.000;15;Terça-Feira;NAO;NULL;NAO;8;Agosto;3;NOME_TRIMESTRE;2;NOME_SEMESTRE;2023
228;DIA;2023-08-16 00:00:00.000;16;Quarta-Feira;NAO;NULL;NAO;8;Agosto;3;NOME_TRIMESTRE;2;NOME_SEMESTRE;2023
229;DIA;2023-08-17 00:00:00.000;17;Quinta-Feira;NAO;NULL;NAO;8;Agosto;3;NOME_TRIMESTRE;2;NOME_SEMESTRE;2023
230;DIA;2023-08-18 00:00:00.000;18;Sexta-Feira;NAO;NULL;NAO;8;Agosto;3;NOME_TRIMESTRE;2;NOME_SEMESTRE;2023
231;DIA;2023-08-19 00:00:00.000;19;Sábado;SIM;NULL;NAO;8;Agosto;3;NOME_TRIMESTRE;2;NOME_SEMESTRE;2023
232;DIA;2023-08-20 00:00:00.000;20;Domingo;SIM;NULL;NAO;8;Agosto;3;NOME_TRIMESTRE;2;NOME_SEMESTRE;2023
233;DIA;2023-08-21 00:00:00.000;21;Segunda-Feira;NAO;NULL;NAO;8;Agosto;3;NOME_TRIMESTRE;2;NOME_SEMESTRE;2023
234;DIA;2023-08-22 00:00:00.000;22;Terça-Feira;NAO;NULL;NAO;8;Agosto;3;NOME_TRIMESTRE;2;NOME_SEMESTRE;2023
235;DIA;2023-08-23 00:00:00.000;23;Quarta-Feira;NAO;NULL;NAO;8;Agosto;3;NOME_TRIMESTRE;2;NOME_SEMESTRE;2023
236;DIA;2023-08-24 00:00:00.000;24;Quinta-Feira;NAO;NULL;NAO;8;Agosto;3;NOME_TRIMESTRE;2;NOME_SEMESTRE;2023
237;DIA;2023-08-25 00:00:00.000;25;Sexta-Feira;NAO;NULL;NAO;8;Agosto;3;NOME_TRIMESTRE;2;NOME_SEMESTRE;2023
238;DIA;2023-08-26 00:00:00.000;26;Sábado;SIM;NULL;NAO;8;Agosto;3;NOME_TRIMESTRE;2;NOME_SEMESTRE;2023
239;DIA;2023-08-27 00:00:00.000;27;Domingo;SIM;NULL;NAO;8;Agosto;3;NOME_TRIMESTRE;2;NOME_SEMESTRE;2023
240;DIA;2023-08-28 00:00:00.000;28;Segunda-Feira;NAO;NULL;NAO;8;Agosto;3;NOME_TRIMESTRE;2;NOME_SEMESTRE;2023
241;DIA;2023-08-29 00:00:00.000;29;Terça-Feira;NAO;NULL;NAO;8;Agosto;3;NOME_TRIMESTRE;2;NOME_SEMESTRE;2023
242;DIA;2023-08-30 00:00:00.000;30;Quarta-Feira;NAO;NULL;NAO;8;Agosto;3;NOME_TRIMESTRE;2;NOME_SEMESTRE;2023
243;DIA;2023-08-31 00:00:00.000;31;Quinta-Feira;NAO;NULL;NAO;8;Agosto;3;NOME_TRIMESTRE;2;NOME_SEMESTRE;2023
244;MES;2023-09-01 00:00:00.000;1;Sexta-Feira;NAO;NULL;NAO;9;Setembro;3;NOME_TRIMESTRE;2;NOME_SEMESTRE;2023
245;DIA;2023-09-02 00:00:00.000;2;Sábado;SIM;NULL;NAO;9;Setembro;3;NOME_TRIMESTRE;2;NOME_SEMESTRE;2023
246;DIA;2023-09-03 00:00:00.000;3;Domingo;SIM;NULL;NAO;9;Setembro;3;NOME_TRIMESTRE;2;NOME_SEMESTRE;2023
247;DIA;2023-09-04 00:00:00.000;4;Segunda-Feira;NAO;NULL;NAO;9;Setembro;3;NOME_TRIMESTRE;2;NOME_SEMESTRE;2023
248;DIA;2023-09-05 00:00:00.000;5;Terça-Feira;NAO;NULL;NAO;9;Setembro;3;NOME_TRIMESTRE;2;NOME_SEMESTRE;2023
249;DIA;2023-09-06 00:00:00.000;6;Quarta-Feira;NAO;NULL;NAO;9;Setembro;3;NOME_TRIMESTRE;2;NOME_SEMESTRE;2023
250;DIA;2023-09-07 00:00:00.000;7;Quinta-Feira;NAO;NULL;NAO;9;Setembro;3;NOME_TRIMESTRE;2;NOME_SEMESTRE;2023
251;DIA;2023-09-08 00:00:00.000;8;Sexta-Feira;NAO;NULL;NAO;9;Setembro;3;NOME_TRIMESTRE;2;NOME_SEMESTRE;2023
252;DIA;2023-09-09 00:00:00.000;9;Sábado;SIM;NULL;NAO;9;Setembro;3;NOME_TRIMESTRE;2;NOME_SEMESTRE;2023
253;DIA;2023-09-10 00:00:00.000;10;Domingo;SIM;NULL;NAO;9;Setembro;3;NOME_TRIMESTRE;2;NOME_SEMESTRE;2023
254;DIA;2023-09-11 00:00:00.000;11;Segunda-Feira;NAO;NULL;NAO;9;Setembro;3;NOME_TRIMESTRE;2;NOME_SEMESTRE;2023
255;DIA;2023-09-12 00:00:00.000;12;Terça-Feira;NAO;NULL;NAO;9;Setembro;3;NOME_TRIMESTRE;2;NOME_SEMESTRE;2023
256;DIA;2023-09-13 00:00:00.000;13;Quarta-Feira;NAO;NULL;NAO;9;Setembro;3;NOME_TRIMESTRE;2;NOME_SEMESTRE;2023
257;DIA;2023-09-14 00:00:00.000;14;Quinta-Feira;NAO;NULL;NAO;9;Setembro;3;NOME_TRIMESTRE;2;NOME_SEMESTRE;2023
258;DIA;2023-09-15 00:00:00.000;15;Sexta-Feira;NAO;NULL;NAO;9;Setembro;3;NOME_TRIMESTRE;2;NOME_SEMESTRE;2023
259;DIA;2023-09-16 00:00:00.000;16;Sábado;SIM;NULL;NAO;9;Setembro;3;NOME_TRIMESTRE;2;NOME_SEMESTRE;2023
260;DIA;2023-09-17 00:00:00.000;17;Domingo;SIM;NULL;NAO;9;Setembro;3;NOME_TRIMESTRE;2;NOME_SEMESTRE;2023
261;DIA;2023-09-18 00:00:00.000;18;Segunda-Feira;NAO;NULL;NAO;9;Setembro;3;NOME_TRIMESTRE;2;NOME_SEMESTRE;2023
262;DIA;2023-09-19 00:00:00.000;19;Terça-Feira;NAO;NULL;NAO;9;Setembro;3;NOME_TRIMESTRE;2;NOME_SEMESTRE;2023
263;DIA;2023-09-20 00:00:00.000;20;Quarta-Feira;NAO;NULL;NAO;9;Setembro;3;NOME_TRIMESTRE;2;NOME_SEMESTRE;2023
264;DIA;2023-09-21 00:00:00.000;21;Quinta-Feira;NAO;NULL;NAO;9;Setembro;3;NOME_TRIMESTRE;2;NOME_SEMESTRE;2023
265;DIA;2023-09-22 00:00:00.000;22;Sexta-Feira;NAO;NULL;NAO;9;Setembro;3;NOME_TRIMESTRE;2;NOME_SEMESTRE;2023
266;DIA;2023-09-23 00:00:00.000;23;Sábado;SIM;NULL;NAO;9;Setembro;3;NOME_TRIMESTRE;2;NOME_SEMESTRE;2023
267;DIA;2023-09-24 00:00:00.000;24;Domingo;SIM;NULL;NAO;9;Setembro;3;NOME_TRIMESTRE;2;NOME_SEMESTRE;2023
268;DIA;2023-09-25 00:00:00.000;25;Segunda-Feira;NAO;NULL;NAO;9;Setembro;3;NOME_TRIMESTRE;2;NOME_SEMESTRE;2023
269;DIA;2023-09-26 00:00:00.000;26;Terça-Feira;NAO;NULL;NAO;9;Setembro;3;NOME_TRIMESTRE;2;NOME_SEMESTRE;2023
270;DIA;2023-09-27 00:00:00.000;27;Quarta-Feira;NAO;NULL;NAO;9;Setembro;3;NOME_TRIMESTRE;2;NOME_SEMESTRE;2023
271;DIA;2023-09-28 00:00:00.000;28;Quinta-Feira;NAO;NULL;NAO;9;Setembro;3;NOME_TRIMESTRE;2;NOME_SEMESTRE;2023
272;DIA;2023-09-29 00:00:00.000;29;Sexta-Feira;NAO;NULL;NAO;9;Setembro;3;NOME_TRIMESTRE;2;NOME_SEMESTRE;2023
273;DIA;2023-09-30 00:00:00.000;30;Sábado;SIM;NULL;NAO;9;Setembro;3;NOME_TRIMESTRE;2;NOME_SEMESTRE;2023
274;MES;2023-10-01 00:00:00.000;1;Domingo;SIM;NULL;NAO;10;Outubro;4;NOME_TRIMESTRE;2;NOME_SEMESTRE;2023
275;DIA;2023-10-02 00:00:00.000;2;Segunda-Feira;NAO;NULL;NAO;10;Outubro;4;NOME_TRIMESTRE;2;NOME_SEMESTRE;2023
276;DIA;2023-10-03 00:00:00.000;3;Terça-Feira;NAO;NULL;NAO;10;Outubro;4;NOME_TRIMESTRE;2;NOME_SEMESTRE;2023
277;DIA;2023-10-04 00:00:00.000;4;Quarta-Feira;NAO;NULL;NAO;10;Outubro;4;NOME_TRIMESTRE;2;NOME_SEMESTRE;2023
278;DIA;2023-10-05 00:00:00.000;5;Quinta-Feira;NAO;NULL;NAO;10;Outubro;4;NOME_TRIMESTRE;2;NOME_SEMESTRE;2023
279;DIA;2023-10-06 00:00:00.000;6;Sexta-Feira;NAO;NULL;NAO;10;Outubro;4;NOME_TRIMESTRE;2;NOME_SEMESTRE;2023
280;DIA;2023-10-07 00:00:00.000;7;Sábado;SIM;NULL;NAO;10;Outubro;4;NOME_TRIMESTRE;2;NOME_SEMESTRE;2023
281;DIA;2023-10-08 00:00:00.000;8;Domingo;SIM;NULL;NAO;10;Outubro;4;NOME_TRIMESTRE;2;NOME_SEMESTRE;2023
282;DIA;2023-10-09 00:00:00.000;9;Segunda-Feira;NAO;NULL;NAO;10;Outubro;4;NOME_TRIMESTRE;2;NOME_SEMESTRE;2023
283;DIA;2023-10-10 00:00:00.000;10;Terça-Feira;NAO;NULL;NAO;10;Outubro;4;NOME_TRIMESTRE;2;NOME_SEMESTRE;2023
284;DIA;2023-10-11 00:00:00.000;11;Quarta-Feira;NAO;NULL;NAO;10;Outubro;4;NOME_TRIMESTRE;2;NOME_SEMESTRE;2023
285;DIA;2023-10-12 00:00:00.000;12;Quinta-Feira;NAO;NULL;NAO;10;Outubro;4;NOME_TRIMESTRE;2;NOME_SEMESTRE;2023
286;DIA;2023-10-13 00:00:00.000;13;Sexta-Feira;NAO;NULL;NAO;10;Outubro;4;NOME_TRIMESTRE;2;NOME_SEMESTRE;2023
287;DIA;2023-10-14 00:00:00.000;14;Sábado;SIM;NULL;NAO;10;Outubro;4;NOME_TRIMESTRE;2;NOME_SEMESTRE;2023
288;DIA;2023-10-15 00:00:00.000;15;Domingo;SIM;NULL;NAO;10;Outubro;4;NOME_TRIMESTRE;2;NOME_SEMESTRE;2023
289;DIA;2023-10-16 00:00:00.000;16;Segunda-Feira;NAO;NULL;NAO;10;Outubro;4;NOME_TRIMESTRE;2;NOME_SEMESTRE;2023
290;DIA;2023-10-17 00:00:00.000;17;Terça-Feira;NAO;NULL;NAO;10;Outubro;4;NOME_TRIMESTRE;2;NOME_SEMESTRE;2023
291;DIA;2023-10-18 00:00:00.000;18;Quarta-Feira;NAO;NULL;NAO;10;Outubro;4;NOME_TRIMESTRE;2;NOME_SEMESTRE;2023
292;DIA;2023-10-19 00:00:00.000;19;Quinta-Feira;NAO;NULL;NAO;10;Outubro;4;NOME_TRIMESTRE;2;NOME_SEMESTRE;2023
293;DIA;2023-10-20 00:00:00.000;20;Sexta-Feira;NAO;NULL;NAO;10;Outubro;4;NOME_TRIMESTRE;2;NOME_SEMESTRE;2023
294;DIA;2023-10-21 00:00:00.000;21;Sábado;SIM;NULL;NAO;10;Outubro;4;NOME_TRIMESTRE;2;NOME_SEMESTRE;2023
295;DIA;2023-10-22 00:00:00.000;22;Domingo;SIM;NULL;NAO;10;Outubro;4;NOME_TRIMESTRE;2;NOME_SEMESTRE;2023
296;DIA;2023-10-23 00:00:00.000;23;Segunda-Feira;NAO;NULL;NAO;10;Outubro;4;NOME_TRIMESTRE;2;NOME_SEMESTRE;2023
297;DIA;2023-10-24 00:00:00.000;24;Terça-Feira;NAO;NULL;NAO;10;Outubro;4;NOME_TRIMESTRE;2;NOME_SEMESTRE;2023
298;DIA;2023-10-25 00:00:00.000;25;Quarta-Feira;NAO;NULL;NAO;10;Outubro;4;NOME_TRIMESTRE;2;NOME_SEMESTRE;2023
299;DIA;2023-10-26 00:00:00.000;26;Quinta-Feira;NAO;NULL;NAO;10;Outubro;4;NOME_TRIMESTRE;2;NOME_SEMESTRE;2023
300;DIA;2023-10-27 00:00:00.000;27;Sexta-Feira;NAO;NULL;NAO;10;Outubro;4;NOME_TRIMESTRE;2;NOME_SEMESTRE;2023
301;DIA;2023-10-28 00:00:00.000;28;Sábado;SIM;NULL;NAO;10;Outubro;4;NOME_TRIMESTRE;2;NOME_SEMESTRE;2023
302;DIA;2023-10-29 00:00:00.000;29;Domingo;SIM;NULL;NAO;10;Outubro;4;NOME_TRIMESTRE;2;NOME_SEMESTRE;2023
303;DIA;2023-10-30 00:00:00.000;30;Segunda-Feira;NAO;NULL;NAO;10;Outubro;4;NOME_TRIMESTRE;2;NOME_SEMESTRE;2023
304;DIA;2023-10-31 00:00:00.000;31;Terça-Feira;NAO;NULL;NAO;10;Outubro;4;NOME_TRIMESTRE;2;NOME_SEMESTRE;2023
305;MES;2023-11-01 00:00:00.000;1;Quarta-Feira;NAO;NULL;NAO;11;Novembro;4;NOME_TRIMESTRE;2;NOME_SEMESTRE;2023
306;DIA;2023-11-02 00:00:00.000;2;Quinta-Feira;NAO;NULL;NAO;11;Novembro;4;NOME_TRIMESTRE;2;NOME_SEMESTRE;2023
307;DIA;2023-11-03 00:00:00.000;3;Sexta-Feira;NAO;NULL;NAO;11;Novembro;4;NOME_TRIMESTRE;2;NOME_SEMESTRE;2023
308;DIA;2023-11-04 00:00:00.000;4;Sábado;SIM;NULL;NAO;11;Novembro;4;NOME_TRIMESTRE;2;NOME_SEMESTRE;2023
309;DIA;2023-11-05 00:00:00.000;5;Domingo;SIM;NULL;NAO;11;Novembro;4;NOME_TRIMESTRE;2;NOME_SEMESTRE;2023
310;DIA;2023-11-06 00:00:00.000;6;Segunda-Feira;NAO;NULL;NAO;11;Novembro;4;NOME_TRIMESTRE;2;NOME_SEMESTRE;2023
311;DIA;2023-11-07 00:00:00.000;7;Terça-Feira;NAO;NULL;NAO;11;Novembro;4;NOME_TRIMESTRE;2;NOME_SEMESTRE;2023
312;DIA;2023-11-08 00:00:00.000;8;Quarta-Feira;NAO;NULL;NAO;11;Novembro;4;NOME_TRIMESTRE;2;NOME_SEMESTRE;2023
313;DIA;2023-11-09 00:00:00.000;9;Quinta-Feira;NAO;NULL;NAO;11;Novembro;4;NOME_TRIMESTRE;2;NOME_SEMESTRE;2023
314;DIA;2023-11-10 00:00:00.000;10;Sexta-Feira;NAO;NULL;NAO;11;Novembro;4;NOME_TRIMESTRE;2;NOME_SEMESTRE;2023
315;DIA;2023-11-11 00:00:00.000;11;Sábado;SIM;NULL;NAO;11;Novembro;4;NOME_TRIMESTRE;2;NOME_SEMESTRE;2023
316;DIA;2023-11-12 00:00:00.000;12;Domingo;SIM;NULL;NAO;11;Novembro;4;NOME_TRIMESTRE;2;NOME_SEMESTRE;2023
317;DIA;2023-11-13 00:00:00.000;13;Segunda-Feira;NAO;NULL;NAO;11;Novembro;4;NOME_TRIMESTRE;2;NOME_SEMESTRE;2023
318;DIA;2023-11-14 00:00:00.000;14;Terça-Feira;NAO;NULL;NAO;11;Novembro;4;NOME_TRIMESTRE;2;NOME_SEMESTRE;2023
319;DIA;2023-11-15 00:00:00.000;15;Quarta-Feira;NAO;NULL;NAO;11;Novembro;4;NOME_TRIMESTRE;2;NOME_SEMESTRE;2023
320;DIA;2023-11-16 00:00:00.000;16;Quinta-Feira;NAO;NULL;NAO;11;Novembro;4;NOME_TRIMESTRE;2;NOME_SEMESTRE;2023
321;DIA;2023-11-17 00:00:00.000;17;Sexta-Feira;NAO;NULL;NAO;11;Novembro;4;NOME_TRIMESTRE;2;NOME_SEMESTRE;2023
322;DIA;2023-11-18 00:00:00.000;18;Sábado;SIM;NULL;NAO;11;Novembro;4;NOME_TRIMESTRE;2;NOME_SEMESTRE;2023
323;DIA;2023-11-19 00:00:00.000;19;Domingo;SIM;NULL;NAO;11;Novembro;4;NOME_TRIMESTRE;2;NOME_SEMESTRE;2023
324;DIA;2023-11-20 00:00:00.000;20;Segunda-Feira;NAO;NULL;NAO;11;Novembro;4;NOME_TRIMESTRE;2;NOME_SEMESTRE;2023
325;DIA;2023-11-21 00:00:00.000;21;Terça-Feira;NAO;NULL;NAO;11;Novembro;4;NOME_TRIMESTRE;2;NOME_SEMESTRE;2023
326;DIA;2023-11-22 00:00:00.000;22;Quarta-Feira;NAO;NULL;NAO;11;Novembro;4;NOME_TRIMESTRE;2;NOME_SEMESTRE;2023
327;DIA;2023-11-23 00:00:00.000;23;Quinta-Feira;NAO;NULL;NAO;11;Novembro;4;NOME_TRIMESTRE;2;NOME_SEMESTRE;2023
328;DIA;2023-11-24 00:00:00.000;24;Sexta-Feira;NAO;NULL;NAO;11;Novembro;4;NOME_TRIMESTRE;2;NOME_SEMESTRE;2023
329;DIA;2023-11-25 00:00:00.000;25;Sábado;SIM;NULL;NAO;11;Novembro;4;NOME_TRIMESTRE;2;NOME_SEMESTRE;2023
330;DIA;2023-11-26 00:00:00.000;26;Domingo;SIM;NULL;NAO;11;Novembro;4;NOME_TRIMESTRE;2;NOME_SEMESTRE;2023
331;DIA;2023-11-27 00:00:00.000;27;Segunda-Feira;NAO;NULL;NAO;11;Novembro;4;NOME_TRIMESTRE;2;NOME_SEMESTRE;2023
332;DIA;2023-11-28 00:00:00.000;28;Terça-Feira;NAO;NULL;NAO;11;Novembro;4;NOME_TRIMESTRE;2;NOME_SEMESTRE;2023
333;DIA;2023-11-29 00:00:00.000;29;Quarta-Feira;NAO;NULL;NAO;11;Novembro;4;NOME_TRIMESTRE;2;NOME_SEMESTRE;2023
334;DIA;2023-11-30 00:00:00.000;30;Quinta-Feira;NAO;NULL;NAO;11;Novembro;4;NOME_TRIMESTRE;2;NOME_SEMESTRE;2023
335;MES;2023-12-01 00:00:00.000;1;Sexta-Feira;NAO;NULL;NAO;12;Dezembro;4;NOME_TRIMESTRE;2;NOME_SEMESTRE;2023
336;DIA;2023-12-02 00:00:00.000;2;Sábado;SIM;NULL;NAO;12;Dezembro;4;NOME_TRIMESTRE;2;NOME_SEMESTRE;2023
337;DIA;2023-12-03 00:00:00.000;3;Domingo;SIM;NULL;NAO;12;Dezembro;4;NOME_TRIMESTRE;2;NOME_SEMESTRE;2023
338;DIA;2023-12-04 00:00:00.000;4;Segunda-Feira;NAO;NULL;NAO;12;Dezembro;4;NOME_TRIMESTRE;2;NOME_SEMESTRE;2023
339;DIA;2023-12-05 00:00:00.000;5;Terça-Feira;NAO;NULL;NAO;12;Dezembro;4;NOME_TRIMESTRE;2;NOME_SEMESTRE;2023
340;DIA;2023-12-06 00:00:00.000;6;Quarta-Feira;NAO;NULL;NAO;12;Dezembro;4;NOME_TRIMESTRE;2;NOME_SEMESTRE;2023
341;DIA;2023-12-07 00:00:00.000;7;Quinta-Feira;NAO;NULL;NAO;12;Dezembro;4;NOME_TRIMESTRE;2;NOME_SEMESTRE;2023
342;DIA;2023-12-08 00:00:00.000;8;Sexta-Feira;NAO;NULL;NAO;12;Dezembro;4;NOME_TRIMESTRE;2;NOME_SEMESTRE;2023
343;DIA;2023-12-09 00:00:00.000;9;Sábado;SIM;NULL;NAO;12;Dezembro;4;NOME_TRIMESTRE;2;NOME_SEMESTRE;2023
344;DIA;2023-12-10 00:00:00.000;10;Domingo;SIM;NULL;NAO;12;Dezembro;4;NOME_TRIMESTRE;2;NOME_SEMESTRE;2023
345;DIA;2023-12-11 00:00:00.000;11;Segunda-Feira;NAO;NULL;NAO;12;Dezembro;4;NOME_TRIMESTRE;2;NOME_SEMESTRE;2023
346;DIA;2023-12-12 00:00:00.000;12;Terça-Feira;NAO;NULL;NAO;12;Dezembro;4;NOME_TRIMESTRE;2;NOME_SEMESTRE;2023
347;DIA;2023-12-13 00:00:00.000;13;Quarta-Feira;NAO;NULL;NAO;12;Dezembro;4;NOME_TRIMESTRE;2;NOME_SEMESTRE;2023
348;DIA;2023-12-14 00:00:00.000;14;Quinta-Feira;NAO;NULL;NAO;12;Dezembro;4;NOME_TRIMESTRE;2;NOME_SEMESTRE;2023
349;DIA;2023-12-15 00:00:00.000;15;Sexta-Feira;NAO;NULL;NAO;12;Dezembro;4;NOME_TRIMESTRE;2;NOME_SEMESTRE;2023
350;DIA;2023-12-16 00:00:00.000;16;Sábado;SIM;NULL;NAO;12;Dezembro;4;NOME_TRIMESTRE;2;NOME_SEMESTRE;2023
351;DIA;2023-12-17 00:00:00.000;17;Domingo;SIM;NULL;NAO;12;Dezembro;4;NOME_TRIMESTRE;2;NOME_SEMESTRE;2023
352;DIA;2023-12-18 00:00:00.000;18;Segunda-Feira;NAO;NULL;NAO;12;Dezembro;4;NOME_TRIMESTRE;2;NOME_SEMESTRE;2023
353;DIA;2023-12-19 00:00:00.000;19;Terça-Feira;NAO;NULL;NAO;12;Dezembro;4;NOME_TRIMESTRE;2;NOME_SEMESTRE;2023
354;DIA;2023-12-20 00:00:00.000;20;Quarta-Feira;NAO;NULL;NAO;12;Dezembro;4;NOME_TRIMESTRE;2;NOME_SEMESTRE;2023
355;DIA;2023-12-21 00:00:00.000;21;Quinta-Feira;NAO;NULL;NAO;12;Dezembro;4;NOME_TRIMESTRE;2;NOME_SEMESTRE;2023
356;DIA;2023-12-22 00:00:00.000;22;Sexta-Feira;NAO;NULL;NAO;12;Dezembro;4;NOME_TRIMESTRE;2;NOME_SEMESTRE;2023
357;DIA;2023-12-23 00:00:00.000;23;Sábado;SIM;NULL;NAO;12;Dezembro;4;NOME_TRIMESTRE;2;NOME_SEMESTRE;2023
358;DIA;2023-12-24 00:00:00.000;24;Domingo;SIM;NULL;NAO;12;Dezembro;4;NOME_TRIMESTRE;2;NOME_SEMESTRE;2023
359;DIA;2023-12-25 00:00:00.000;25;Segunda-Feira;NAO;NULL;NAO;12;Dezembro;4;NOME_TRIMESTRE;2;NOME_SEMESTRE;2023
360;DIA;2023-12-26 00:00:00.000;26;Terça-Feira;NAO;NULL;NAO;12;Dezembro;4;NOME_TRIMESTRE;2;NOME_SEMESTRE;2023
361;DIA;2023-12-27 00:00:00.000;27;Quarta-Feira;NAO;NULL;NAO;12;Dezembro;4;NOME_TRIMESTRE;2;NOME_SEMESTRE;2023
362;DIA;2023-12-28 00:00:00.000;28;Quinta-Feira;NAO;NULL;NAO;12;Dezembro;4;NOME_TRIMESTRE;2;NOME_SEMESTRE;2023
363;DIA;2023-12-29 00:00:00.000;29;Sexta-Feira;NAO;NULL;NAO;12;Dezembro;4;NOME_TRIMESTRE;2;NOME_SEMESTRE;2023
364;DIA;2023-12-30 00:00:00.000;30;Sábado;SIM;NULL;NAO;12;Dezembro;4;NOME_TRIMESTRE;2;NOME_SEMESTRE;2023
365;DIA;2023-12-31 00:00:00.000;31;Domingo;SIM;NULL;NAO;12;Dezembro;4;NOME_TRIMESTRE;2;NOME_SEMESTRE;2023
366;ANO;2024-01-01 00:00:00.000;1;Segunda-Feira;NAO;Confraternização Universal;SIM;1;Janeiro;1;NOME_TRIMESTRE;1;NOME_SEMESTRE;2024
367;DIA;2024-01-02 00:00:00.000;2;Terça-Feira;NAO;NULL;NAO;1;Janeiro;1;NOME_TRIMESTRE;1;NOME_SEMESTRE;2024
368;DIA;2024-01-03 00:00:00.000;3;Quarta-Feira;NAO;NULL;NAO;1;Janeiro;1;NOME_TRIMESTRE;1;NOME_SEMESTRE;2024
369;DIA;2024-01-04 00:00:00.000;4;Quinta-Feira;NAO;NULL;NAO;1;Janeiro;1;NOME_TRIMESTRE;1;NOME_SEMESTRE;2024
370;DIA;2024-01-05 00:00:00.000;5;Sexta-Feira;NAO;NULL;NAO;1;Janeiro;1;NOME_TRIMESTRE;1;NOME_SEMESTRE;2024
371;DIA;2024-01-06 00:00:00.000;6;Sábado;SIM;NULL;NAO;1;Janeiro;1;NOME_TRIMESTRE;1;NOME_SEMESTRE;2024
372;DIA;2024-01-07 00:00:00.000;7;Domingo;SIM;NULL;NAO;1;Janeiro;1;NOME_TRIMESTRE;1;NOME_SEMESTRE;2024
373;DIA;2024-01-08 00:00:00.000;8;Segunda-Feira;NAO;NULL;NAO;1;Janeiro;1;NOME_TRIMESTRE;1;NOME_SEMESTRE;2024
374;DIA;2024-01-09 00:00:00.000;9;Terça-Feira;NAO;NULL;NAO;1;Janeiro;1;NOME_TRIMESTRE;1;NOME_SEMESTRE;2024
375;DIA;2024-01-10 00:00:00.000;10;Quarta-Feira;NAO;NULL;NAO;1;Janeiro;1;NOME_TRIMESTRE;1;NOME_SEMESTRE;2024
376;DIA;2024-01-11 00:00:00.000;11;Quinta-Feira;NAO;NULL;NAO;1;Janeiro;1;NOME_TRIMESTRE;1;NOME_SEMESTRE;2024
377;DIA;2024-01-12 00:00:00.000;12;Sexta-Feira;NAO;NULL;NAO;1;Janeiro;1;NOME_TRIMESTRE;1;NOME_SEMESTRE;2024
378;DIA;2024-01-13 00:00:00.000;13;Sábado;SIM;NULL;NAO;1;Janeiro;1;NOME_TRIMESTRE;1;NOME_SEMESTRE;2024
379;DIA;2024-01-14 00:00:00.000;14;Domingo;SIM;NULL;NAO;1;Janeiro;1;NOME_TRIMESTRE;1;NOME_SEMESTRE;2024
380;DIA;2024-01-15 00:00:00.000;15;Segunda-Feira;NAO;NULL;NAO;1;Janeiro;1;NOME_TRIMESTRE;1;NOME_SEMESTRE;2024
381;DIA;2024-01-16 00:00:00.000;16;Terça-Feira;NAO;NULL;NAO;1;Janeiro;1;NOME_TRIMESTRE;1;NOME_SEMESTRE;2024
382;DIA;2024-01-17 00:00:00.000;17;Quarta-Feira;NAO;NULL;NAO;1;Janeiro;1;NOME_TRIMESTRE;1;NOME_SEMESTRE;2024
383;DIA;2024-01-18 00:00:00.000;18;Quinta-Feira;NAO;NULL;NAO;1;Janeiro;1;NOME_TRIMESTRE;1;NOME_SEMESTRE;2024
384;DIA;2024-01-19 00:00:00.000;19;Sexta-Feira;NAO;NULL;NAO;1;Janeiro;1;NOME_TRIMESTRE;1;NOME_SEMESTRE;2024
385;DIA;2024-01-20 00:00:00.000;20;Sábado;SIM;NULL;NAO;1;Janeiro;1;NOME_TRIMESTRE;1;NOME_SEMESTRE;2024
386;DIA;2024-01-21 00:00:00.000;21;Domingo;SIM;NULL;NAO;1;Janeiro;1;NOME_TRIMESTRE;1;NOME_SEMESTRE;2024
387;DIA;2024-01-22 00:00:00.000;22;Segunda-Feira;NAO;NULL;NAO;1;Janeiro;1;NOME_TRIMESTRE;1;NOME_SEMESTRE;2024
388;DIA;2024-01-23 00:00:00.000;23;Terça-Feira;NAO;NULL;NAO;1;Janeiro;1;NOME_TRIMESTRE;1;NOME_SEMESTRE;2024
389;DIA;2024-01-24 00:00:00.000;24;Quarta-Feira;NAO;NULL;NAO;1;Janeiro;1;NOME_TRIMESTRE;1;NOME_SEMESTRE;2024
390;DIA;2024-01-25 00:00:00.000;25;Quinta-Feira;NAO;NULL;NAO;1;Janeiro;1;NOME_TRIMESTRE;1;NOME_SEMESTRE;2024
391;DIA;2024-01-26 00:00:00.000;26;Sexta-Feira;NAO;NULL;NAO;1;Janeiro;1;NOME_TRIMESTRE;1;NOME_SEMESTRE;2024
392;DIA;2024-01-27 00:00:00.000;27;Sábado;SIM;NULL;NAO;1;Janeiro;1;NOME_TRIMESTRE;1;NOME_SEMESTRE;2024
393;DIA;2024-01-28 00:00:00.000;28;Domingo;SIM;NULL;NAO;1;Janeiro;1;NOME_TRIMESTRE;1;NOME_SEMESTRE;2024
394;DIA;2024-01-29 00:00:00.000;29;Segunda-Feira;NAO;NULL;NAO;1;Janeiro;1;NOME_TRIMESTRE;1;NOME_SEMESTRE;2024
395;DIA;2024-01-30 00:00:00.000;30;Terça-Feira;NAO;NULL;NAO;1;Janeiro;1;NOME_TRIMESTRE;1;NOME_SEMESTRE;2024
396;DIA;2024-01-31 00:00:00.000;31;Quarta-Feira;NAO;NULL;NAO;1;Janeiro;1;NOME_TRIMESTRE;1;NOME_SEMESTRE;2024
397;MES;2024-02-01 00:00:00.000;1;Quinta-Feira;NAO;NULL;NAO;2;Fevereiro;1;NOME_TRIMESTRE;1;NOME_SEMESTRE;2024
398;DIA;2024-02-02 00:00:00.000;2;Sexta-Feira;NAO;NULL;NAO;2;Fevereiro;1;NOME_TRIMESTRE;1;NOME_SEMESTRE;2024
399;DIA;2024-02-03 00:00:00.000;3;Sábado;SIM;NULL;NAO;2;Fevereiro;1;NOME_TRIMESTRE;1;NOME_SEMESTRE;2024
400;DIA;2024-02-04 00:00:00.000;4;Domingo;SIM;NULL;NAO;2;Fevereiro;1;NOME_TRIMESTRE;1;NOME_SEMESTRE;2024
401;DIA;2024-02-05 00:00:00.000;5;Segunda-Feira;NAO;NULL;NAO;2;Fevereiro;1;NOME_TRIMESTRE;1;NOME_SEMESTRE;2024
402;DIA;2024-02-06 00:00:00.000;6;Terça-Feira;NAO;NULL;NAO;2;Fevereiro;1;NOME_TRIMESTRE;1;NOME_SEMESTRE;2024
403;DIA;2024-02-07 00:00:00.000;7;Quarta-Feira;NAO;NULL;NAO;2;Fevereiro;1;NOME_TRIMESTRE;1;NOME_SEMESTRE;2024
404;DIA;2024-02-08 00:00:00.000;8;Quinta-Feira;NAO;NULL;NAO;2;Fevereiro;1;NOME_TRIMESTRE;1;NOME_SEMESTRE;2024
405;DIA;2024-02-09 00:00:00.000;9;Sexta-Feira;NAO;NULL;NAO;2;Fevereiro;1;NOME_TRIMESTRE;1;NOME_SEMESTRE;2024
406;DIA;2024-02-10 00:00:00.000;10;Sábado;SIM;NULL;NAO;2;Fevereiro;1;NOME_TRIMESTRE;1;NOME_SEMESTRE;2024
407;DIA;2024-02-11 00:00:00.000;11;Domingo;SIM;NULL;NAO;2;Fevereiro;1;NOME_TRIMESTRE;1;NOME_SEMESTRE;2024
408;DIA;2024-02-12 00:00:00.000;12;Segunda-Feira;NAO;Carnaval;SIM;2;Fevereiro;1;NOME_TRIMESTRE;1;NOME_SEMESTRE;2024
409;DIA;2024-02-13 00:00:00.000;13;Terça-Feira;NAO;Carnaval;SIM;2;Fevereiro;1;NOME_TRIMESTRE;1;NOME_SEMESTRE;2024
410;DIA;2024-02-14 00:00:00.000;14;Quarta-Feira;NAO;NULL;NAO;2;Fevereiro;1;NOME_TRIMESTRE;1;NOME_SEMESTRE;2024
411;DIA;2024-02-15 00:00:00.000;15;Quinta-Feira;NAO;NULL;NAO;2;Fevereiro;1;NOME_TRIMESTRE;1;NOME_SEMESTRE;2024
412;DIA;2024-02-16 00:00:00.000;16;Sexta-Feira;NAO;NULL;NAO;2;Fevereiro;1;NOME_TRIMESTRE;1;NOME_SEMESTRE;2024
413;DIA;2024-02-17 00:00:00.000;17;Sábado;SIM;NULL;NAO;2;Fevereiro;1;NOME_TRIMESTRE;1;NOME_SEMESTRE;2024
414;DIA;2024-02-18 00:00:00.000;18;Domingo;SIM;NULL;NAO;2;Fevereiro;1;NOME_TRIMESTRE;1;NOME_SEMESTRE;2024
415;DIA;2024-02-19 00:00:00.000;19;Segunda-Feira;NAO;NULL;NAO;2;Fevereiro;1;NOME_TRIMESTRE;1;NOME_SEMESTRE;2024
416;DIA;2024-02-20 00:00:00.000;20;Terça-Feira;NAO;NULL;NAO;2;Fevereiro;1;NOME_TRIMESTRE;1;NOME_SEMESTRE;2024
417;DIA;2024-02-21 00:00:00.000;21;Quarta-Feira;NAO;NULL;NAO;2;Fevereiro;1;NOME_TRIMESTRE;1;NOME_SEMESTRE;2024
418;DIA;2024-02-22 00:00:00.000;22;Quinta-Feira;NAO;NULL;NAO;2;Fevereiro;1;NOME_TRIMESTRE;1;NOME_SEMESTRE;2024
419;DIA;2024-02-23 00:00:00.000;23;Sexta-Feira;NAO;NULL;NAO;2;Fevereiro;1;NOME_TRIMESTRE;1;NOME_SEMESTRE;2024
420;DIA;2024-02-24 00:00:00.000;24;Sábado;SIM;NULL;NAO;2;Fevereiro;1;NOME_TRIMESTRE;1;NOME_SEMESTRE;2024
421;DIA;2024-02-25 00:00:00.000;25;Domingo;SIM;NULL;NAO;2;Fevereiro;1;NOME_TRIMESTRE;1;NOME_SEMESTRE;2024
422;DIA;2024-02-26 00:00:00.000;26;Segunda-Feira;NAO;NULL;NAO;2;Fevereiro;1;NOME_TRIMESTRE;1;NOME_SEMESTRE;2024
423;DIA;2024-02-27 00:00:00.000;27;Terça-Feira;NAO;NULL;NAO;2;Fevereiro;1;NOME_TRIMESTRE;1;NOME_SEMESTRE;2024
424;DIA;2024-02-28 00:00:00.000;28;Quarta-Feira;NAO;NULL;NAO;2;Fevereiro;1;NOME_TRIMESTRE;1;NOME_SEMESTRE;2024
425;DIA;2024-02-29 00:00:00.000;29;Quinta-Feira;NAO;NULL;NAO;2;Fevereiro;1;NOME_TRIMESTRE;1;NOME_SEMESTRE;2024
426;MES;2024-03-01 00:00:00.000;1;Sexta-Feira;NAO;NULL;NAO;3;Março;1;NOME_TRIMESTRE;1;NOME_SEMESTRE;2024
427;DIA;2024-03-02 00:00:00.000;2;Sábado;SIM;NULL;NAO;3;Março;1;NOME_TRIMESTRE;1;NOME_SEMESTRE;2024
428;DIA;2024-03-03 00:00:00.000;3;Domingo;SIM;NULL;NAO;3;Março;1;NOME_TRIMESTRE;1;NOME_SEMESTRE;2024
429;DIA;2024-03-04 00:00:00.000;4;Segunda-Feira;NAO;NULL;NAO;3;Março;1;NOME_TRIMESTRE;1;NOME_SEMESTRE;2024
430;DIA;2024-03-05 00:00:00.000;5;Terça-Feira;NAO;NULL;NAO;3;Março;1;NOME_TRIMESTRE;1;NOME_SEMESTRE;2024
431;DIA;2024-03-06 00:00:00.000;6;Quarta-Feira;NAO;NULL;NAO;3;Março;1;NOME_TRIMESTRE;1;NOME_SEMESTRE;2024
432;DIA;2024-03-07 00:00:00.000;7;Quinta-Feira;NAO;NULL;NAO;3;Março;1;NOME_TRIMESTRE;1;NOME_SEMESTRE;2024
433;DIA;2024-03-08 00:00:00.000;8;Sexta-Feira;NAO;NULL;NAO;3;Março;1;NOME_TRIMESTRE;1;NOME_SEMESTRE;2024
434;DIA;2024-03-09 00:00:00.000;9;Sábado;SIM;NULL;NAO;3;Março;1;NOME_TRIMESTRE;1;NOME_SEMESTRE;2024
435;DIA;2024-03-10 00:00:00.000;10;Domingo;SIM;NULL;NAO;3;Março;1;NOME_TRIMESTRE;1;NOME_SEMESTRE;2024
436;DIA;2024-03-11 00:00:00.000;11;Segunda-Feira;NAO;NULL;NAO;3;Março;1;NOME_TRIMESTRE;1;NOME_SEMESTRE;2024
437;DIA;2024-03-12 00:00:00.000;12;Terça-Feira;NAO;NULL;NAO;3;Março;1;NOME_TRIMESTRE;1;NOME_SEMESTRE;2024
438;DIA;2024-03-13 00:00:00.000;13;Quarta-Feira;NAO;NULL;NAO;3;Março;1;NOME_TRIMESTRE;1;NOME_SEMESTRE;2024
439;DIA;2024-03-14 00:00:00.000;14;Quinta-Feira;NAO;NULL;NAO;3;Março;1;NOME_TRIMESTRE;1;NOME_SEMESTRE;2024
440;DIA;2024-03-15 00:00:00.000;15;Sexta-Feira;NAO;NULL;NAO;3;Março;1;NOME_TRIMESTRE;1;NOME_SEMESTRE;2024
441;DIA;2024-03-16 00:00:00.000;16;Sábado;SIM;NULL;NAO;3;Março;1;NOME_TRIMESTRE;1;NOME_SEMESTRE;2024
442;DIA;2024-03-17 00:00:00.000;17;Domingo;SIM;NULL;NAO;3;Março;1;NOME_TRIMESTRE;1;NOME_SEMESTRE;2024
443;DIA;2024-03-18 00:00:00.000;18;Segunda-Feira;NAO;NULL;NAO;3;Março;1;NOME_TRIMESTRE;1;NOME_SEMESTRE;2024
444;DIA;2024-03-19 00:00:00.000;19;Terça-Feira;NAO;NULL;NAO;3;Março;1;NOME_TRIMESTRE;1;NOME_SEMESTRE;2024
445;DIA;2024-03-20 00:00:00.000;20;Quarta-Feira;NAO;NULL;NAO;3;Março;1;NOME_TRIMESTRE;1;NOME_SEMESTRE;2024
446;DIA;2024-03-21 00:00:00.000;21;Quinta-Feira;NAO;NULL;NAO;3;Março;1;NOME_TRIMESTRE;1;NOME_SEMESTRE;2024
447;DIA;2024-03-22 00:00:00.000;22;Sexta-Feira;NAO;NULL;NAO;3;Março;1;NOME_TRIMESTRE;1;NOME_SEMESTRE;2024
448;DIA;2024-03-23 00:00:00.000;23;Sábado;SIM;Paixão de Cristo;SIM;3;Março;1;NOME_TRIMESTRE;1;NOME_SEMESTRE;2024
449;DIA;2024-03-24 00:00:00.000;24;Domingo;SIM;NULL;NAO;3;Março;1;NOME_TRIMESTRE;1;NOME_SEMESTRE;2024
450;DIA;2024-03-25 00:00:00.000;25;Segunda-Feira;NAO;NULL;NAO;3;Março;1;NOME_TRIMESTRE;1;NOME_SEMESTRE;2024
451;DIA;2024-03-26 00:00:00.000;26;Terça-Feira;NAO;NULL;NAO;3;Março;1;NOME_TRIMESTRE;1;NOME_SEMESTRE;2024
452;DIA;2024-03-27 00:00:00.000;27;Quarta-Feira;NAO;NULL;NAO;3;Março;1;NOME_TRIMESTRE;1;NOME_SEMESTRE;2024
453;DIA;2024-03-28 00:00:00.000;28;Quinta-Feira;NAO;NULL;NAO;3;Março;1;NOME_TRIMESTRE;1;NOME_SEMESTRE;2024
454;DIA;2024-03-29 00:00:00.000;29;Sexta-Feira;NAO;NULL;NAO;3;Março;1;NOME_TRIMESTRE;1;NOME_SEMESTRE;2024
455;DIA;2024-03-30 00:00:00.000;30;Sábado;SIM;NULL;NAO;3;Março;1;NOME_TRIMESTRE;1;NOME_SEMESTRE;2024
456;DIA;2024-03-31 00:00:00.000;31;Domingo;SIM;NULL;NAO;3;Março;1;NOME_TRIMESTRE;1;NOME_SEMESTRE;2024
457;MES;2024-04-01 00:00:00.000;1;Segunda-Feira;NAO;NULL;NAO;4;Abril;2;NOME_TRIMESTRE;1;NOME_SEMESTRE;2024
458;DIA;2024-04-02 00:00:00.000;2;Terça-Feira;NAO;NULL;NAO;4;Abril;2;NOME_TRIMESTRE;1;NOME_SEMESTRE;2024
459;DIA;2024-04-03 00:00:00.000;3;Quarta-Feira;NAO;NULL;NAO;4;Abril;2;NOME_TRIMESTRE;1;NOME_SEMESTRE;2024
460;DIA;2024-04-04 00:00:00.000;4;Quinta-Feira;NAO;NULL;NAO;4;Abril;2;NOME_TRIMESTRE;1;NOME_SEMESTRE;2024
461;DIA;2024-04-05 00:00:00.000;5;Sexta-Feira;NAO;NULL;NAO;4;Abril;2;NOME_TRIMESTRE;1;NOME_SEMESTRE;2024
462;DIA;2024-04-06 00:00:00.000;6;Sábado;SIM;NULL;NAO;4;Abril;2;NOME_TRIMESTRE;1;NOME_SEMESTRE;2024
463;DIA;2024-04-07 00:00:00.000;7;Domingo;SIM;NULL;NAO;4;Abril;2;NOME_TRIMESTRE;1;NOME_SEMESTRE;2024
464;DIA;2024-04-08 00:00:00.000;8;Segunda-Feira;NAO;NULL;NAO;4;Abril;2;NOME_TRIMESTRE;1;NOME_SEMESTRE;2024
465;DIA;2024-04-09 00:00:00.000;9;Terça-Feira;NAO;NULL;NAO;4;Abril;2;NOME_TRIMESTRE;1;NOME_SEMESTRE;2024
466;DIA;2024-04-10 00:00:00.000;10;Quarta-Feira;NAO;NULL;NAO;4;Abril;2;NOME_TRIMESTRE;1;NOME_SEMESTRE;2024
467;DIA;2024-04-11 00:00:00.000;11;Quinta-Feira;NAO;NULL;NAO;4;Abril;2;NOME_TRIMESTRE;1;NOME_SEMESTRE;2024
468;DIA;2024-04-12 00:00:00.000;12;Sexta-Feira;NAO;NULL;NAO;4;Abril;2;NOME_TRIMESTRE;1;NOME_SEMESTRE;2024
469;DIA;2024-04-13 00:00:00.000;13;Sábado;SIM;NULL;NAO;4;Abril;2;NOME_TRIMESTRE;1;NOME_SEMESTRE;2024
470;DIA;2024-04-14 00:00:00.000;14;Domingo;SIM;NULL;NAO;4;Abril;2;NOME_TRIMESTRE;1;NOME_SEMESTRE;2024
471;DIA;2024-04-15 00:00:00.000;15;Segunda-Feira;NAO;NULL;NAO;4;Abril;2;NOME_TRIMESTRE;1;NOME_SEMESTRE;2024
472;DIA;2024-04-16 00:00:00.000;16;Terça-Feira;NAO;NULL;NAO;4;Abril;2;NOME_TRIMESTRE;1;NOME_SEMESTRE;2024
473;DIA;2024-04-17 00:00:00.000;17;Quarta-Feira;NAO;NULL;NAO;4;Abril;2;NOME_TRIMESTRE;1;NOME_SEMESTRE;2024
474;DIA;2024-04-18 00:00:00.000;18;Quinta-Feira;NAO;NULL;NAO;4;Abril;2;NOME_TRIMESTRE;1;NOME_SEMESTRE;2024
475;DIA;2024-04-19 00:00:00.000;19;Sexta-Feira;NAO;NULL;NAO;4;Abril;2;NOME_TRIMESTRE;1;NOME_SEMESTRE;2024
476;DIA;2024-04-20 00:00:00.000;20;Sábado;SIM;NULL;NAO;4;Abril;2;NOME_TRIMESTRE;1;NOME_SEMESTRE;2024
477;DIA;2024-04-21 00:00:00.000;21;Domingo;SIM;Tiradentes;SIM;4;Abril;2;NOME_TRIMESTRE;1;NOME_SEMESTRE;2024
478;DIA;2024-04-22 00:00:00.000;22;Segunda-Feira;NAO;NULL;NAO;4;Abril;2;NOME_TRIMESTRE;1;NOME_SEMESTRE;2024
479;DIA;2024-04-23 00:00:00.000;23;Terça-Feira;NAO;NULL;NAO;4;Abril;2;NOME_TRIMESTRE;1;NOME_SEMESTRE;2024
480;DIA;2024-04-24 00:00:00.000;24;Quarta-Feira;NAO;NULL;NAO;4;Abril;2;NOME_TRIMESTRE;1;NOME_SEMESTRE;2024
481;DIA;2024-04-25 00:00:00.000;25;Quinta-Feira;NAO;NULL;NAO;4;Abril;2;NOME_TRIMESTRE;1;NOME_SEMESTRE;2024
482;DIA;2024-04-26 00:00:00.000;26;Sexta-Feira;NAO;NULL;NAO;4;Abril;2;NOME_TRIMESTRE;1;NOME_SEMESTRE;2024
483;DIA;2024-04-27 00:00:00.000;27;Sábado;SIM;NULL;NAO;4;Abril;2;NOME_TRIMESTRE;1;NOME_SEMESTRE;2024
484;DIA;2024-04-28 00:00:00.000;28;Domingo;SIM;NULL;NAO;4;Abril;2;NOME_TRIMESTRE;1;NOME_SEMESTRE;2024
485;DIA;2024-04-29 00:00:00.000;29;Segunda-Feira;NAO;NULL;NAO;4;Abril;2;NOME_TRIMESTRE;1;NOME_SEMESTRE;2024
486;DIA;2024-04-30 00:00:00.000;30;Terça-Feira;NAO;NULL;NAO;4;Abril;2;NOME_TRIMESTRE;1;NOME_SEMESTRE;2024
487;MES;2024-05-01 00:00:00.000;1;Quarta-Feira;NAO;Dia do Trabalho;SIM;5;Maio;2;NOME_TRIMESTRE;1;NOME_SEMESTRE;2024
488;DIA;2024-05-02 00:00:00.000;2;Quinta-Feira;NAO;NULL;NAO;5;Maio;2;NOME_TRIMESTRE;1;NOME_SEMESTRE;2024
489;DIA;2024-05-03 00:00:00.000;3;Sexta-Feira;NAO;NULL;NAO;5;Maio;2;NOME_TRIMESTRE;1;NOME_SEMESTRE;2024
490;DIA;2024-05-04 00:00:00.000;4;Sábado;SIM;NULL;NAO;5;Maio;2;NOME_TRIMESTRE;1;NOME_SEMESTRE;2024
491;DIA;2024-05-05 00:00:00.000;5;Domingo;SIM;NULL;NAO;5;Maio;2;NOME_TRIMESTRE;1;NOME_SEMESTRE;2024
492;DIA;2024-05-06 00:00:00.000;6;Segunda-Feira;NAO;NULL;NAO;5;Maio;2;NOME_TRIMESTRE;1;NOME_SEMESTRE;2024
493;DIA;2024-05-07 00:00:00.000;7;Terça-Feira;NAO;NULL;NAO;5;Maio;2;NOME_TRIMESTRE;1;NOME_SEMESTRE;2024
494;DIA;2024-05-08 00:00:00.000;8;Quarta-Feira;NAO;NULL;NAO;5;Maio;2;NOME_TRIMESTRE;1;NOME_SEMESTRE;2024
495;DIA;2024-05-09 00:00:00.000;9;Quinta-Feira;NAO;NULL;NAO;5;Maio;2;NOME_TRIMESTRE;1;NOME_SEMESTRE;2024
496;DIA;2024-05-10 00:00:00.000;10;Sexta-Feira;NAO;NULL;NAO;5;Maio;2;NOME_TRIMESTRE;1;NOME_SEMESTRE;2024
497;DIA;2024-05-11 00:00:00.000;11;Sábado;SIM;NULL;NAO;5;Maio;2;NOME_TRIMESTRE;1;NOME_SEMESTRE;2024
498;DIA;2024-05-12 00:00:00.000;12;Domingo;SIM;NULL;NAO;5;Maio;2;NOME_TRIMESTRE;1;NOME_SEMESTRE;2024
499;DIA;2024-05-13 00:00:00.000;13;Segunda-Feira;NAO;NULL;NAO;5;Maio;2;NOME_TRIMESTRE;1;NOME_SEMESTRE;2024
500;DIA;2024-05-14 00:00:00.000;14;Terça-Feira;NAO;NULL;NAO;5;Maio;2;NOME_TRIMESTRE;1;NOME_SEMESTRE;2024
501;DIA;2024-05-15 00:00:00.000;15;Quarta-Feira;NAO;NULL;NAO;5;Maio;2;NOME_TRIMESTRE;1;NOME_SEMESTRE;2024
502;DIA;2024-05-16 00:00:00.000;16;Quinta-Feira;NAO;NULL;NAO;5;Maio;2;NOME_TRIMESTRE;1;NOME_SEMESTRE;2024
503;DIA;2024-05-17 00:00:00.000;17;Sexta-Feira;NAO;NULL;NAO;5;Maio;2;NOME_TRIMESTRE;1;NOME_SEMESTRE;2024
504;DIA;2024-05-18 00:00:00.000;18;Sábado;SIM;NULL;NAO;5;Maio;2;NOME_TRIMESTRE;1;NOME_SEMESTRE;2024
505;DIA;2024-05-19 00:00:00.000;19;Domingo;SIM;NULL;NAO;5;Maio;2;NOME_TRIMESTRE;1;NOME_SEMESTRE;2024
506;DIA;2024-05-20 00:00:00.000;20;Segunda-Feira;NAO;NULL;NAO;5;Maio;2;NOME_TRIMESTRE;1;NOME_SEMESTRE;2024
507;DIA;2024-05-21 00:00:00.000;21;Terça-Feira;NAO;NULL;NAO;5;Maio;2;NOME_TRIMESTRE;1;NOME_SEMESTRE;2024
508;DIA;2024-05-22 00:00:00.000;22;Quarta-Feira;NAO;NULL;NAO;5;Maio;2;NOME_TRIMESTRE;1;NOME_SEMESTRE;2024
509;DIA;2024-05-23 00:00:00.000;23;Quinta-Feira;NAO;NULL;NAO;5;Maio;2;NOME_TRIMESTRE;1;NOME_SEMESTRE;2024
510;DIA;2024-05-24 00:00:00.000;24;Sexta-Feira;NAO;NULL;NAO;5;Maio;2;NOME_TRIMESTRE;1;NOME_SEMESTRE;2024
511;DIA;2024-05-25 00:00:00.000;25;Sábado;SIM;NULL;NAO;5;Maio;2;NOME_TRIMESTRE;1;NOME_SEMESTRE;2024
512;DIA;2024-05-26 00:00:00.000;26;Domingo;SIM;NULL;NAO;5;Maio;2;NOME_TRIMESTRE;1;NOME_SEMESTRE;2024
513;DIA;2024-05-27 00:00:00.000;27;Segunda-Feira;NAO;NULL;NAO;5;Maio;2;NOME_TRIMESTRE;1;NOME_SEMESTRE;2024
514;DIA;2024-05-28 00:00:00.000;28;Terça-Feira;NAO;NULL;NAO;5;Maio;2;NOME_TRIMESTRE;1;NOME_SEMESTRE;2024
515;DIA;2024-05-29 00:00:00.000;29;Quarta-Feira;NAO;NULL;NAO;5;Maio;2;NOME_TRIMESTRE;1;NOME_SEMESTRE;2024
516;DIA;2024-05-30 00:00:00.000;30;Quinta-Feira;NAO;Corpus Christi;SIM;5;Maio;2;NOME_TRIMESTRE;1;NOME_SEMESTRE;2024
517;DIA;2024-05-31 00:00:00.000;31;Sexta-Feira;NAO;NULL;NAO;5;Maio;2;NOME_TRIMESTRE;1;NOME_SEMESTRE;2024
518;MES;2024-06-01 00:00:00.000;1;Sábado;SIM;NULL;NAO;6;Junho;2;NOME_TRIMESTRE;1;NOME_SEMESTRE;2024
519;DIA;2024-06-02 00:00:00.000;2;Domingo;SIM;NULL;NAO;6;Junho;2;NOME_TRIMESTRE;1;NOME_SEMESTRE;2024
520;DIA;2024-06-03 00:00:00.000;3;Segunda-Feira;NAO;NULL;NAO;6;Junho;2;NOME_TRIMESTRE;1;NOME_SEMESTRE;2024
521;DIA;2024-06-04 00:00:00.000;4;Terça-Feira;NAO;NULL;NAO;6;Junho;2;NOME_TRIMESTRE;1;NOME_SEMESTRE;2024
522;DIA;2024-06-05 00:00:00.000;5;Quarta-Feira;NAO;NULL;NAO;6;Junho;2;NOME_TRIMESTRE;1;NOME_SEMESTRE;2024
523;DIA;2024-06-06 00:00:00.000;6;Quinta-Feira;NAO;NULL;NAO;6;Junho;2;NOME_TRIMESTRE;1;NOME_SEMESTRE;2024
524;DIA;2024-06-07 00:00:00.000;7;Sexta-Feira;NAO;NULL;NAO;6;Junho;2;NOME_TRIMESTRE;1;NOME_SEMESTRE;2024
525;DIA;2024-06-08 00:00:00.000;8;Sábado;SIM;NULL;NAO;6;Junho;2;NOME_TRIMESTRE;1;NOME_SEMESTRE;2024
526;DIA;2024-06-09 00:00:00.000;9;Domingo;SIM;NULL;NAO;6;Junho;2;NOME_TRIMESTRE;1;NOME_SEMESTRE;2024
527;DIA;2024-06-10 00:00:00.000;10;Segunda-Feira;NAO;NULL;NAO;6;Junho;2;NOME_TRIMESTRE;1;NOME_SEMESTRE;2024
528;DIA;2024-06-11 00:00:00.000;11;Terça-Feira;NAO;NULL;NAO;6;Junho;2;NOME_TRIMESTRE;1;NOME_SEMESTRE;2024
529;DIA;2024-06-12 00:00:00.000;12;Quarta-Feira;NAO;NULL;NAO;6;Junho;2;NOME_TRIMESTRE;1;NOME_SEMESTRE;2024
530;DIA;2024-06-13 00:00:00.000;13;Quinta-Feira;NAO;NULL;NAO;6;Junho;2;NOME_TRIMESTRE;1;NOME_SEMESTRE;2024
531;DIA;2024-06-14 00:00:00.000;14;Sexta-Feira;NAO;NULL;NAO;6;Junho;2;NOME_TRIMESTRE;1;NOME_SEMESTRE;2024
532;DIA;2024-06-15 00:00:00.000;15;Sábado;SIM;NULL;NAO;6;Junho;2;NOME_TRIMESTRE;1;NOME_SEMESTRE;2024
533;DIA;2024-06-16 00:00:00.000;16;Domingo;SIM;NULL;NAO;6;Junho;2;NOME_TRIMESTRE;1;NOME_SEMESTRE;2024
534;DIA;2024-06-17 00:00:00.000;17;Segunda-Feira;NAO;NULL;NAO;6;Junho;2;NOME_TRIMESTRE;1;NOME_SEMESTRE;2024
535;DIA;2024-06-18 00:00:00.000;18;Terça-Feira;NAO;NULL;NAO;6;Junho;2;NOME_TRIMESTRE;1;NOME_SEMESTRE;2024
536;DIA;2024-06-19 00:00:00.000;19;Quarta-Feira;NAO;NULL;NAO;6;Junho;2;NOME_TRIMESTRE;1;NOME_SEMESTRE;2024
537;DIA;2024-06-20 00:00:00.000;20;Quinta-Feira;NAO;NULL;NAO;6;Junho;2;NOME_TRIMESTRE;1;NOME_SEMESTRE;2024
538;DIA;2024-06-21 00:00:00.000;21;Sexta-Feira;NAO;NULL;NAO;6;Junho;2;NOME_TRIMESTRE;1;NOME_SEMESTRE;2024
539;DIA;2024-06-22 00:00:00.000;22;Sábado;SIM;NULL;NAO;6;Junho;2;NOME_TRIMESTRE;1;NOME_SEMESTRE;2024
540;DIA;2024-06-23 00:00:00.000;23;Domingo;SIM;NULL;NAO;6;Junho;2;NOME_TRIMESTRE;1;NOME_SEMESTRE;2024
541;DIA;2024-06-24 00:00:00.000;24;Segunda-Feira;NAO;NULL;NAO;6;Junho;2;NOME_TRIMESTRE;1;NOME_SEMESTRE;2024
542;DIA;2024-06-25 00:00:00.000;25;Terça-Feira;NAO;NULL;NAO;6;Junho;2;NOME_TRIMESTRE;1;NOME_SEMESTRE;2024
543;DIA;2024-06-26 00:00:00.000;26;Quarta-Feira;NAO;NULL;NAO;6;Junho;2;NOME_TRIMESTRE;1;NOME_SEMESTRE;2024
544;DIA;2024-06-27 00:00:00.000;27;Quinta-Feira;NAO;NULL;NAO;6;Junho;2;NOME_TRIMESTRE;1;NOME_SEMESTRE;2024
545;DIA;2024-06-28 00:00:00.000;28;Sexta-Feira;NAO;NULL;NAO;6;Junho;2;NOME_TRIMESTRE;1;NOME_SEMESTRE;2024
546;DIA;2024-06-29 00:00:00.000;29;Sábado;SIM;NULL;NAO;6;Junho;2;NOME_TRIMESTRE;1;NOME_SEMESTRE;2024
547;DIA;2024-06-30 00:00:00.000;30;Domingo;SIM;NULL;NAO;6;Junho;2;NOME_TRIMESTRE;1;NOME_SEMESTRE;2024
548;MES;2024-07-01 00:00:00.000;1;Segunda-Feira;NAO;NULL;NAO;7;Julho;3;NOME_TRIMESTRE;2;NOME_SEMESTRE;2024
549;DIA;2024-07-02 00:00:00.000;2;Terça-Feira;NAO;NULL;NAO;7;Julho;3;NOME_TRIMESTRE;2;NOME_SEMESTRE;2024
550;DIA;2024-07-03 00:00:00.000;3;Quarta-Feira;NAO;NULL;NAO;7;Julho;3;NOME_TRIMESTRE;2;NOME_SEMESTRE;2024
551;DIA;2024-07-04 00:00:00.000;4;Quinta-Feira;NAO;NULL;NAO;7;Julho;3;NOME_TRIMESTRE;2;NOME_SEMESTRE;2024
552;DIA;2024-07-05 00:00:00.000;5;Sexta-Feira;NAO;NULL;NAO;7;Julho;3;NOME_TRIMESTRE;2;NOME_SEMESTRE;2024
553;DIA;2024-07-06 00:00:00.000;6;Sábado;SIM;NULL;NAO;7;Julho;3;NOME_TRIMESTRE;2;NOME_SEMESTRE;2024
554;DIA;2024-07-07 00:00:00.000;7;Domingo;SIM;NULL;NAO;7;Julho;3;NOME_TRIMESTRE;2;NOME_SEMESTRE;2024
555;DIA;2024-07-08 00:00:00.000;8;Segunda-Feira;NAO;NULL;NAO;7;Julho;3;NOME_TRIMESTRE;2;NOME_SEMESTRE;2024
556;DIA;2024-07-09 00:00:00.000;9;Terça-Feira;NAO;NULL;NAO;7;Julho;3;NOME_TRIMESTRE;2;NOME_SEMESTRE;2024
557;DIA;2024-07-10 00:00:00.000;10;Quarta-Feira;NAO;NULL;NAO;7;Julho;3;NOME_TRIMESTRE;2;NOME_SEMESTRE;2024
558;DIA;2024-07-11 00:00:00.000;11;Quinta-Feira;NAO;NULL;NAO;7;Julho;3;NOME_TRIMESTRE;2;NOME_SEMESTRE;2024
559;DIA;2024-07-12 00:00:00.000;12;Sexta-Feira;NAO;NULL;NAO;7;Julho;3;NOME_TRIMESTRE;2;NOME_SEMESTRE;2024
560;DIA;2024-07-13 00:00:00.000;13;Sábado;SIM;NULL;NAO;7;Julho;3;NOME_TRIMESTRE;2;NOME_SEMESTRE;2024
561;DIA;2024-07-14 00:00:00.000;14;Domingo;SIM;NULL;NAO;7;Julho;3;NOME_TRIMESTRE;2;NOME_SEMESTRE;2024
562;DIA;2024-07-15 00:00:00.000;15;Segunda-Feira;NAO;NULL;NAO;7;Julho;3;NOME_TRIMESTRE;2;NOME_SEMESTRE;2024
563;DIA;2024-07-16 00:00:00.000;16;Terça-Feira;NAO;NULL;NAO;7;Julho;3;NOME_TRIMESTRE;2;NOME_SEMESTRE;2024
564;DIA;2024-07-17 00:00:00.000;17;Quarta-Feira;NAO;NULL;NAO;7;Julho;3;NOME_TRIMESTRE;2;NOME_SEMESTRE;2024
565;DIA;2024-07-18 00:00:00.000;18;Quinta-Feira;NAO;NULL;NAO;7;Julho;3;NOME_TRIMESTRE;2;NOME_SEMESTRE;2024
566;DIA;2024-07-19 00:00:00.000;19;Sexta-Feira;NAO;NULL;NAO;7;Julho;3;NOME_TRIMESTRE;2;NOME_SEMESTRE;2024
567;DIA;2024-07-20 00:00:00.000;20;Sábado;SIM;NULL;NAO;7;Julho;3;NOME_TRIMESTRE;2;NOME_SEMESTRE;2024
568;DIA;2024-07-21 00:00:00.000;21;Domingo;SIM;NULL;NAO;7;Julho;3;NOME_TRIMESTRE;2;NOME_SEMESTRE;2024
569;DIA;2024-07-22 00:00:00.000;22;Segunda-Feira;NAO;NULL;NAO;7;Julho;3;NOME_TRIMESTRE;2;NOME_SEMESTRE;2024
570;DIA;2024-07-23 00:00:00.000;23;Terça-Feira;NAO;NULL;NAO;7;Julho;3;NOME_TRIMESTRE;2;NOME_SEMESTRE;2024
571;DIA;2024-07-24 00:00:00.000;24;Quarta-Feira;NAO;NULL;NAO;7;Julho;3;NOME_TRIMESTRE;2;NOME_SEMESTRE;2024
572;DIA;2024-07-25 00:00:00.000;25;Quinta-Feira;NAO;NULL;NAO;7;Julho;3;NOME_TRIMESTRE;2;NOME_SEMESTRE;2024
573;DIA;2024-07-26 00:00:00.000;26;Sexta-Feira;NAO;NULL;NAO;7;Julho;3;NOME_TRIMESTRE;2;NOME_SEMESTRE;2024
574;DIA;2024-07-27 00:00:00.000;27;Sábado;SIM;NULL;NAO;7;Julho;3;NOME_TRIMESTRE;2;NOME_SEMESTRE;2024
575;DIA;2024-07-28 00:00:00.000;28;Domingo;SIM;NULL;NAO;7;Julho;3;NOME_TRIMESTRE;2;NOME_SEMESTRE;2024
576;DIA;2024-07-29 00:00:00.000;29;Segunda-Feira;NAO;NULL;NAO;7;Julho;3;NOME_TRIMESTRE;2;NOME_SEMESTRE;2024
577;DIA;2024-07-30 00:00:00.000;30;Terça-Feira;NAO;NULL;NAO;7;Julho;3;NOME_TRIMESTRE;2;NOME_SEMESTRE;2024
578;DIA;2024-07-31 00:00:00.000;31;Quarta-Feira;NAO;NULL;NAO;7;Julho;3;NOME_TRIMESTRE;2;NOME_SEMESTRE;2024
579;MES;2024-08-01 00:00:00.000;1;Quinta-Feira;NAO;NULL;NAO;8;Agosto;3;NOME_TRIMESTRE;2;NOME_SEMESTRE;2024
580;DIA;2024-08-02 00:00:00.000;2;Sexta-Feira;NAO;NULL;NAO;8;Agosto;3;NOME_TRIMESTRE;2;NOME_SEMESTRE;2024
581;DIA;2024-08-03 00:00:00.000;3;Sábado;SIM;NULL;NAO;8;Agosto;3;NOME_TRIMESTRE;2;NOME_SEMESTRE;2024
582;DIA;2024-08-04 00:00:00.000;4;Domingo;SIM;NULL;NAO;8;Agosto;3;NOME_TRIMESTRE;2;NOME_SEMESTRE;2024
583;DIA;2024-08-05 00:00:00.000;5;Segunda-Feira;NAO;NULL;NAO;8;Agosto;3;NOME_TRIMESTRE;2;NOME_SEMESTRE;2024
584;DIA;2024-08-06 00:00:00.000;6;Terça-Feira;NAO;NULL;NAO;8;Agosto;3;NOME_TRIMESTRE;2;NOME_SEMESTRE;2024
585;DIA;2024-08-07 00:00:00.000;7;Quarta-Feira;NAO;NULL;NAO;8;Agosto;3;NOME_TRIMESTRE;2;NOME_SEMESTRE;2024
586;DIA;2024-08-08 00:00:00.000;8;Quinta-Feira;NAO;NULL;NAO;8;Agosto;3;NOME_TRIMESTRE;2;NOME_SEMESTRE;2024
587;DIA;2024-08-09 00:00:00.000;9;Sexta-Feira;NAO;NULL;NAO;8;Agosto;3;NOME_TRIMESTRE;2;NOME_SEMESTRE;2024
588;DIA;2024-08-10 00:00:00.000;10;Sábado;SIM;NULL;NAO;8;Agosto;3;NOME_TRIMESTRE;2;NOME_SEMESTRE;2024
589;DIA;2024-08-11 00:00:00.000;11;Domingo;SIM;NULL;NAO;8;Agosto;3;NOME_TRIMESTRE;2;NOME_SEMESTRE;2024
590;DIA;2024-08-12 00:00:00.000;12;Segunda-Feira;NAO;NULL;NAO;8;Agosto;3;NOME_TRIMESTRE;2;NOME_SEMESTRE;2024
591;DIA;2024-08-13 00:00:00.000;13;Terça-Feira;NAO;NULL;NAO;8;Agosto;3;NOME_TRIMESTRE;2;NOME_SEMESTRE;2024
592;DIA;2024-08-14 00:00:00.000;14;Quarta-Feira;NAO;NULL;NAO;8;Agosto;3;NOME_TRIMESTRE;2;NOME_SEMESTRE;2024
593;DIA;2024-08-15 00:00:00.000;15;Quinta-Feira;NAO;NULL;NAO;8;Agosto;3;NOME_TRIMESTRE;2;NOME_SEMESTRE;2024
594;DIA;2024-08-16 00:00:00.000;16;Sexta-Feira;NAO;NULL;NAO;8;Agosto;3;NOME_TRIMESTRE;2;NOME_SEMESTRE;2024
595;DIA;2024-08-17 00:00:00.000;17;Sábado;SIM;NULL;NAO;8;Agosto;3;NOME_TRIMESTRE;2;NOME_SEMESTRE;2024
596;DIA;2024-08-18 00:00:00.000;18;Domingo;SIM;NULL;NAO;8;Agosto;3;NOME_TRIMESTRE;2;NOME_SEMESTRE;2024
597;DIA;2024-08-19 00:00:00.000;19;Segunda-Feira;NAO;NULL;NAO;8;Agosto;3;NOME_TRIMESTRE;2;NOME_SEMESTRE;2024
598;DIA;2024-08-20 00:00:00.000;20;Terça-Feira;NAO;NULL;NAO;8;Agosto;3;NOME_TRIMESTRE;2;NOME_SEMESTRE;2024
599;DIA;2024-08-21 00:00:00.000;21;Quarta-Feira;NAO;NULL;NAO;8;Agosto;3;NOME_TRIMESTRE;2;NOME_SEMESTRE;2024
600;DIA;2024-08-22 00:00:00.000;22;Quinta-Feira;NAO;NULL;NAO;8;Agosto;3;NOME_TRIMESTRE;2;NOME_SEMESTRE;2024
601;DIA;2024-08-23 00:00:00.000;23;Sexta-Feira;NAO;NULL;NAO;8;Agosto;3;NOME_TRIMESTRE;2;NOME_SEMESTRE;2024
602;DIA;2024-08-24 00:00:00.000;24;Sábado;SIM;NULL;NAO;8;Agosto;3;NOME_TRIMESTRE;2;NOME_SEMESTRE;2024
603;DIA;2024-08-25 00:00:00.000;25;Domingo;SIM;NULL;NAO;8;Agosto;3;NOME_TRIMESTRE;2;NOME_SEMESTRE;2024
604;DIA;2024-08-26 00:00:00.000;26;Segunda-Feira;NAO;NULL;NAO;8;Agosto;3;NOME_TRIMESTRE;2;NOME_SEMESTRE;2024
605;DIA;2024-08-27 00:00:00.000;27;Terça-Feira;NAO;NULL;NAO;8;Agosto;3;NOME_TRIMESTRE;2;NOME_SEMESTRE;2024
606;DIA;2024-08-28 00:00:00.000;28;Quarta-Feira;NAO;NULL;NAO;8;Agosto;3;NOME_TRIMESTRE;2;NOME_SEMESTRE;2024
607;DIA;2024-08-29 00:00:00.000;29;Quinta-Feira;NAO;NULL;NAO;8;Agosto;3;NOME_TRIMESTRE;2;NOME_SEMESTRE;2024
608;DIA;2024-08-30 00:00:00.000;30;Sexta-Feira;NAO;NULL;NAO;8;Agosto;3;NOME_TRIMESTRE;2;NOME_SEMESTRE;2024
609;DIA;2024-08-31 00:00:00.000;31;Sábado;SIM;NULL;NAO;8;Agosto;3;NOME_TRIMESTRE;2;NOME_SEMESTRE;2024
610;MES;2024-09-01 00:00:00.000;1;Domingo;SIM;NULL;NAO;9;Setembro;3;NOME_TRIMESTRE;2;NOME_SEMESTRE;2024
611;DIA;2024-09-02 00:00:00.000;2;Segunda-Feira;NAO;NULL;NAO;9;Setembro;3;NOME_TRIMESTRE;2;NOME_SEMESTRE;2024
612;DIA;2024-09-03 00:00:00.000;3;Terça-Feira;NAO;NULL;NAO;9;Setembro;3;NOME_TRIMESTRE;2;NOME_SEMESTRE;2024
613;DIA;2024-09-04 00:00:00.000;4;Quarta-Feira;NAO;NULL;NAO;9;Setembro;3;NOME_TRIMESTRE;2;NOME_SEMESTRE;2024
614;DIA;2024-09-05 00:00:00.000;5;Quinta-Feira;NAO;NULL;NAO;9;Setembro;3;NOME_TRIMESTRE;2;NOME_SEMESTRE;2024
615;DIA;2024-09-06 00:00:00.000;6;Sexta-Feira;NAO;NULL;NAO;9;Setembro;3;NOME_TRIMESTRE;2;NOME_SEMESTRE;2024
616;DIA;2024-09-07 00:00:00.000;7;Sábado;SIM;Independência do Brasil;SIM;9;Setembro;3;NOME_TRIMESTRE;2;NOME_SEMESTRE;2024
617;DIA;2024-09-08 00:00:00.000;8;Domingo;SIM;NULL;NAO;9;Setembro;3;NOME_TRIMESTRE;2;NOME_SEMESTRE;2024
618;DIA;2024-09-09 00:00:00.000;9;Segunda-Feira;NAO;NULL;NAO;9;Setembro;3;NOME_TRIMESTRE;2;NOME_SEMESTRE;2024
619;DIA;2024-09-10 00:00:00.000;10;Terça-Feira;NAO;NULL;NAO;9;Setembro;3;NOME_TRIMESTRE;2;NOME_SEMESTRE;2024
620;DIA;2024-09-11 00:00:00.000;11;Quarta-Feira;NAO;NULL;NAO;9;Setembro;3;NOME_TRIMESTRE;2;NOME_SEMESTRE;2024
621;DIA;2024-09-12 00:00:00.000;12;Quinta-Feira;NAO;NULL;NAO;9;Setembro;3;NOME_TRIMESTRE;2;NOME_SEMESTRE;2024
622;DIA;2024-09-13 00:00:00.000;13;Sexta-Feira;NAO;NULL;NAO;9;Setembro;3;NOME_TRIMESTRE;2;NOME_SEMESTRE;2024
623;DIA;2024-09-14 00:00:00.000;14;Sábado;SIM;NULL;NAO;9;Setembro;3;NOME_TRIMESTRE;2;NOME_SEMESTRE;2024
624;DIA;2024-09-15 00:00:00.000;15;Domingo;SIM;NULL;NAO;9;Setembro;3;NOME_TRIMESTRE;2;NOME_SEMESTRE;2024
625;DIA;2024-09-16 00:00:00.000;16;Segunda-Feira;NAO;NULL;NAO;9;Setembro;3;NOME_TRIMESTRE;2;NOME_SEMESTRE;2024
626;DIA;2024-09-17 00:00:00.000;17;Terça-Feira;NAO;NULL;NAO;9;Setembro;3;NOME_TRIMESTRE;2;NOME_SEMESTRE;2024
627;DIA;2024-09-18 00:00:00.000;18;Quarta-Feira;NAO;NULL;NAO;9;Setembro;3;NOME_TRIMESTRE;2;NOME_SEMESTRE;2024
628;DIA;2024-09-19 00:00:00.000;19;Quinta-Feira;NAO;NULL;NAO;9;Setembro;3;NOME_TRIMESTRE;2;NOME_SEMESTRE;2024
629;DIA;2024-09-20 00:00:00.000;20;Sexta-Feira;NAO;NULL;NAO;9;Setembro;3;NOME_TRIMESTRE;2;NOME_SEMESTRE;2024
630;DIA;2024-09-21 00:00:00.000;21;Sábado;SIM;NULL;NAO;9;Setembro;3;NOME_TRIMESTRE;2;NOME_SEMESTRE;2024
631;DIA;2024-09-22 00:00:00.000;22;Domingo;SIM;NULL;NAO;9;Setembro;3;NOME_TRIMESTRE;2;NOME_SEMESTRE;2024
632;DIA;2024-09-23 00:00:00.000;23;Segunda-Feira;NAO;NULL;NAO;9;Setembro;3;NOME_TRIMESTRE;2;NOME_SEMESTRE;2024
633;DIA;2024-09-24 00:00:00.000;24;Terça-Feira;NAO;NULL;NAO;9;Setembro;3;NOME_TRIMESTRE;2;NOME_SEMESTRE;2024
634;DIA;2024-09-25 00:00:00.000;25;Quarta-Feira;NAO;NULL;NAO;9;Setembro;3;NOME_TRIMESTRE;2;NOME_SEMESTRE;2024
635;DIA;2024-09-26 00:00:00.000;26;Quinta-Feira;NAO;NULL;NAO;9;Setembro;3;NOME_TRIMESTRE;2;NOME_SEMESTRE;2024
636;DIA;2024-09-27 00:00:00.000;27;Sexta-Feira;NAO;NULL;NAO;9;Setembro;3;NOME_TRIMESTRE;2;NOME_SEMESTRE;2024
637;DIA;2024-09-28 00:00:00.000;28;Sábado;SIM;NULL;NAO;9;Setembro;3;NOME_TRIMESTRE;2;NOME_SEMESTRE;2024
638;DIA;2024-09-29 00:00:00.000;29;Domingo;SIM;NULL;NAO;9;Setembro;3;NOME_TRIMESTRE;2;NOME_SEMESTRE;2024
639;DIA;2024-09-30 00:00:00.000;30;Segunda-Feira;NAO;NULL;NAO;9;Setembro;3;NOME_TRIMESTRE;2;NOME_SEMESTRE;2024
640;MES;2024-10-01 00:00:00.000;1;Terça-Feira;NAO;NULL;NAO;10;Outubro;4;NOME_TRIMESTRE;2;NOME_SEMESTRE;2024
641;DIA;2024-10-02 00:00:00.000;2;Quarta-Feira;NAO;NULL;NAO;10;Outubro;4;NOME_TRIMESTRE;2;NOME_SEMESTRE;2024
642;DIA;2024-10-03 00:00:00.000;3;Quinta-Feira;NAO;NULL;NAO;10;Outubro;4;NOME_TRIMESTRE;2;NOME_SEMESTRE;2024
643;DIA;2024-10-04 00:00:00.000;4;Sexta-Feira;NAO;NULL;NAO;10;Outubro;4;NOME_TRIMESTRE;2;NOME_SEMESTRE;2024
644;DIA;2024-10-05 00:00:00.000;5;Sábado;SIM;NULL;NAO;10;Outubro;4;NOME_TRIMESTRE;2;NOME_SEMESTRE;2024
645;DIA;2024-10-06 00:00:00.000;6;Domingo;SIM;NULL;NAO;10;Outubro;4;NOME_TRIMESTRE;2;NOME_SEMESTRE;2024
646;DIA;2024-10-07 00:00:00.000;7;Segunda-Feira;NAO;NULL;NAO;10;Outubro;4;NOME_TRIMESTRE;2;NOME_SEMESTRE;2024
647;DIA;2024-10-08 00:00:00.000;8;Terça-Feira;NAO;NULL;NAO;10;Outubro;4;NOME_TRIMESTRE;2;NOME_SEMESTRE;2024
648;DIA;2024-10-09 00:00:00.000;9;Quarta-Feira;NAO;NULL;NAO;10;Outubro;4;NOME_TRIMESTRE;2;NOME_SEMESTRE;2024
649;DIA;2024-10-10 00:00:00.000;10;Quinta-Feira;NAO;NULL;NAO;10;Outubro;4;NOME_TRIMESTRE;2;NOME_SEMESTRE;2024
650;DIA;2024-10-11 00:00:00.000;11;Sexta-Feira;NAO;NULL;NAO;10;Outubro;4;NOME_TRIMESTRE;2;NOME_SEMESTRE;2024
651;DIA;2024-10-12 00:00:00.000;12;Sábado;SIM;Nossa Sr. Aparecida - Padroeira do Brasil;SIM;10;Outubro;4;NOME_TRIMESTRE;2;NOME_SEMESTRE;2024
652;DIA;2024-10-13 00:00:00.000;13;Domingo;SIM;NULL;NAO;10;Outubro;4;NOME_TRIMESTRE;2;NOME_SEMESTRE;2024
653;DIA;2024-10-14 00:00:00.000;14;Segunda-Feira;NAO;NULL;NAO;10;Outubro;4;NOME_TRIMESTRE;2;NOME_SEMESTRE;2024
654;DIA;2024-10-15 00:00:00.000;15;Terça-Feira;NAO;NULL;NAO;10;Outubro;4;NOME_TRIMESTRE;2;NOME_SEMESTRE;2024
655;DIA;2024-10-16 00:00:00.000;16;Quarta-Feira;NAO;NULL;NAO;10;Outubro;4;NOME_TRIMESTRE;2;NOME_SEMESTRE;2024
656;DIA;2024-10-17 00:00:00.000;17;Quinta-Feira;NAO;NULL;NAO;10;Outubro;4;NOME_TRIMESTRE;2;NOME_SEMESTRE;2024
657;DIA;2024-10-18 00:00:00.000;18;Sexta-Feira;NAO;NULL;NAO;10;Outubro;4;NOME_TRIMESTRE;2;NOME_SEMESTRE;2024
658;DIA;2024-10-19 00:00:00.000;19;Sábado;SIM;NULL;NAO;10;Outubro;4;NOME_TRIMESTRE;2;NOME_SEMESTRE;2024
659;DIA;2024-10-20 00:00:00.000;20;Domingo;SIM;NULL;NAO;10;Outubro;4;NOME_TRIMESTRE;2;NOME_SEMESTRE;2024
660;DIA;2024-10-21 00:00:00.000;21;Segunda-Feira;NAO;NULL;NAO;10;Outubro;4;NOME_TRIMESTRE;2;NOME_SEMESTRE;2024
661;DIA;2024-10-22 00:00:00.000;22;Terça-Feira;NAO;NULL;NAO;10;Outubro;4;NOME_TRIMESTRE;2;NOME_SEMESTRE;2024
662;DIA;2024-10-23 00:00:00.000;23;Quarta-Feira;NAO;NULL;NAO;10;Outubro;4;NOME_TRIMESTRE;2;NOME_SEMESTRE;2024
663;DIA;2024-10-24 00:00:00.000;24;Quinta-Feira;NAO;NULL;NAO;10;Outubro;4;NOME_TRIMESTRE;2;NOME_SEMESTRE;2024
664;DIA;2024-10-25 00:00:00.000;25;Sexta-Feira;NAO;NULL;NAO;10;Outubro;4;NOME_TRIMESTRE;2;NOME_SEMESTRE;2024
665;DIA;2024-10-26 00:00:00.000;26;Sábado;SIM;NULL;NAO;10;Outubro;4;NOME_TRIMESTRE;2;NOME_SEMESTRE;2024
666;DIA;2024-10-27 00:00:00.000;27;Domingo;SIM;NULL;NAO;10;Outubro;4;NOME_TRIMESTRE;2;NOME_SEMESTRE;2024
667;DIA;2024-10-28 00:00:00.000;28;Segunda-Feira;NAO;NULL;NAO;10;Outubro;4;NOME_TRIMESTRE;2;NOME_SEMESTRE;2024
668;DIA;2024-10-29 00:00:00.000;29;Terça-Feira;NAO;NULL;NAO;10;Outubro;4;NOME_TRIMESTRE;2;NOME_SEMESTRE;2024
669;DIA;2024-10-30 00:00:00.000;30;Quarta-Feira;NAO;NULL;NAO;10;Outubro;4;NOME_TRIMESTRE;2;NOME_SEMESTRE;2024
670;DIA;2024-10-31 00:00:00.000;31;Quinta-Feira;NAO;NULL;NAO;10;Outubro;4;NOME_TRIMESTRE;2;NOME_SEMESTRE;2024
671;MES;2024-11-01 00:00:00.000;1;Sexta-Feira;NAO;NULL;NAO;11;Novembro;4;NOME_TRIMESTRE;2;NOME_SEMESTRE;2024
672;DIA;2024-11-02 00:00:00.000;2;Sábado;SIM;Finados;SIM;11;Novembro;4;NOME_TRIMESTRE;2;NOME_SEMESTRE;2024
673;DIA;2024-11-03 00:00:00.000;3;Domingo;SIM;NULL;NAO;11;Novembro;4;NOME_TRIMESTRE;2;NOME_SEMESTRE;2024
674;DIA;2024-11-04 00:00:00.000;4;Segunda-Feira;NAO;NULL;NAO;11;Novembro;4;NOME_TRIMESTRE;2;NOME_SEMESTRE;2024
675;DIA;2024-11-05 00:00:00.000;5;Terça-Feira;NAO;NULL;NAO;11;Novembro;4;NOME_TRIMESTRE;2;NOME_SEMESTRE;2024
676;DIA;2024-11-06 00:00:00.000;6;Quarta-Feira;NAO;NULL;NAO;11;Novembro;4;NOME_TRIMESTRE;2;NOME_SEMESTRE;2024
677;DIA;2024-11-07 00:00:00.000;7;Quinta-Feira;NAO;NULL;NAO;11;Novembro;4;NOME_TRIMESTRE;2;NOME_SEMESTRE;2024
678;DIA;2024-11-08 00:00:00.000;8;Sexta-Feira;NAO;NULL;NAO;11;Novembro;4;NOME_TRIMESTRE;2;NOME_SEMESTRE;2024
679;DIA;2024-11-09 00:00:00.000;9;Sábado;SIM;NULL;NAO;11;Novembro;4;NOME_TRIMESTRE;2;NOME_SEMESTRE;2024
680;DIA;2024-11-10 00:00:00.000;10;Domingo;SIM;NULL;NAO;11;Novembro;4;NOME_TRIMESTRE;2;NOME_SEMESTRE;2024
681;DIA;2024-11-11 00:00:00.000;11;Segunda-Feira;NAO;NULL;NAO;11;Novembro;4;NOME_TRIMESTRE;2;NOME_SEMESTRE;2024
682;DIA;2024-11-12 00:00:00.000;12;Terça-Feira;NAO;NULL;NAO;11;Novembro;4;NOME_TRIMESTRE;2;NOME_SEMESTRE;2024
683;DIA;2024-11-13 00:00:00.000;13;Quarta-Feira;NAO;NULL;NAO;11;Novembro;4;NOME_TRIMESTRE;2;NOME_SEMESTRE;2024
684;DIA;2024-11-14 00:00:00.000;14;Quinta-Feira;NAO;NULL;NAO;11;Novembro;4;NOME_TRIMESTRE;2;NOME_SEMESTRE;2024
685;DIA;2024-11-15 00:00:00.000;15;Sexta-Feira;NAO;Proclamação da República;SIM;11;Novembro;4;NOME_TRIMESTRE;2;NOME_SEMESTRE;2024
686;DIA;2024-11-16 00:00:00.000;16;Sábado;SIM;NULL;NAO;11;Novembro;4;NOME_TRIMESTRE;2;NOME_SEMESTRE;2024
687;DIA;2024-11-17 00:00:00.000;17;Domingo;SIM;NULL;NAO;11;Novembro;4;NOME_TRIMESTRE;2;NOME_SEMESTRE;2024
688;DIA;2024-11-18 00:00:00.000;18;Segunda-Feira;NAO;NULL;NAO;11;Novembro;4;NOME_TRIMESTRE;2;NOME_SEMESTRE;2024
689;DIA;2024-11-19 00:00:00.000;19;Terça-Feira;NAO;NULL;NAO;11;Novembro;4;NOME_TRIMESTRE;2;NOME_SEMESTRE;2024
690;DIA;2024-11-20 00:00:00.000;20;Quarta-Feira;NAO;Dia Nacional de Zumbi e da Consciência Negra;SIM;11;Novembro;4;NOME_TRIMESTRE;2;NOME_SEMESTRE;2024
691;DIA;2024-11-21 00:00:00.000;21;Quinta-Feira;NAO;NULL;NAO;11;Novembro;4;NOME_TRIMESTRE;2;NOME_SEMESTRE;2024
692;DIA;2024-11-22 00:00:00.000;22;Sexta-Feira;NAO;NULL;NAO;11;Novembro;4;NOME_TRIMESTRE;2;NOME_SEMESTRE;2024
693;DIA;2024-11-23 00:00:00.000;23;Sábado;SIM;NULL;NAO;11;Novembro;4;NOME_TRIMESTRE;2;NOME_SEMESTRE;2024
694;DIA;2024-11-24 00:00:00.000;24;Domingo;SIM;NULL;NAO;11;Novembro;4;NOME_TRIMESTRE;2;NOME_SEMESTRE;2024
695;DIA;2024-11-25 00:00:00.000;25;Segunda-Feira;NAO;NULL;NAO;11;Novembro;4;NOME_TRIMESTRE;2;NOME_SEMESTRE;2024
696;DIA;2024-11-26 00:00:00.000;26;Terça-Feira;NAO;NULL;NAO;11;Novembro;4;NOME_TRIMESTRE;2;NOME_SEMESTRE;2024
697;DIA;2024-11-27 00:00:00.000;27;Quarta-Feira;NAO;NULL;NAO;11;Novembro;4;NOME_TRIMESTRE;2;NOME_SEMESTRE;2024
698;DIA;2024-11-28 00:00:00.000;28;Quinta-Feira;NAO;NULL;NAO;11;Novembro;4;NOME_TRIMESTRE;2;NOME_SEMESTRE;2024
699;DIA;2024-11-29 00:00:00.000;29;Sexta-Feira;NAO;NULL;NAO;11;Novembro;4;NOME_TRIMESTRE;2;NOME_SEMESTRE;2024
700;DIA;2024-11-30 00:00:00.000;30;Sábado;SIM;NULL;NAO;11;Novembro;4;NOME_TRIMESTRE;2;NOME_SEMESTRE;2024
701;MES;2024-12-01 00:00:00.000;1;Domingo;SIM;NULL;NAO;12;Dezembro;4;NOME_TRIMESTRE;2;NOME_SEMESTRE;2024
702;DIA;2024-12-02 00:00:00.000;2;Segunda-Feira;NAO;NULL;NAO;12;Dezembro;4;NOME_TRIMESTRE;2;NOME_SEMESTRE;2024
703;DIA;2024-12-03 00:00:00.000;3;Terça-Feira;NAO;NULL;NAO;12;Dezembro;4;NOME_TRIMESTRE;2;NOME_SEMESTRE;2024
704;DIA;2024-12-04 00:00:00.000;4;Quarta-Feira;NAO;NULL;NAO;12;Dezembro;4;NOME_TRIMESTRE;2;NOME_SEMESTRE;2024
705;DIA;2024-12-05 00:00:00.000;5;Quinta-Feira;NAO;NULL;NAO;12;Dezembro;4;NOME_TRIMESTRE;2;NOME_SEMESTRE;2024
706;DIA;2024-12-06 00:00:00.000;6;Sexta-Feira;NAO;NULL;NAO;12;Dezembro;4;NOME_TRIMESTRE;2;NOME_SEMESTRE;2024
707;DIA;2024-12-07 00:00:00.000;7;Sábado;SIM;NULL;NAO;12;Dezembro;4;NOME_TRIMESTRE;2;NOME_SEMESTRE;2024
708;DIA;2024-12-08 00:00:00.000;8;Domingo;SIM;NULL;NAO;12;Dezembro;4;NOME_TRIMESTRE;2;NOME_SEMESTRE;2024
709;DIA;2024-12-09 00:00:00.000;9;Segunda-Feira;NAO;NULL;NAO;12;Dezembro;4;NOME_TRIMESTRE;2;NOME_SEMESTRE;2024
710;DIA;2024-12-10 00:00:00.000;10;Terça-Feira;NAO;NULL;NAO;12;Dezembro;4;NOME_TRIMESTRE;2;NOME_SEMESTRE;2024
711;DIA;2024-12-11 00:00:00.000;11;Quarta-Feira;NAO;NULL;NAO;12;Dezembro;4;NOME_TRIMESTRE;2;NOME_SEMESTRE;2024
712;DIA;2024-12-12 00:00:00.000;12;Quinta-Feira;NAO;NULL;NAO;12;Dezembro;4;NOME_TRIMESTRE;2;NOME_SEMESTRE;2024
713;DIA;2024-12-13 00:00:00.000;13;Sexta-Feira;NAO;NULL;NAO;12;Dezembro;4;NOME_TRIMESTRE;2;NOME_SEMESTRE;2024
714;DIA;2024-12-14 00:00:00.000;14;Sábado;SIM;NULL;NAO;12;Dezembro;4;NOME_TRIMESTRE;2;NOME_SEMESTRE;2024
715;DIA;2024-12-15 00:00:00.000;15;Domingo;SIM;NULL;NAO;12;Dezembro;4;NOME_TRIMESTRE;2;NOME_SEMESTRE;2024
716;DIA;2024-12-16 00:00:00.000;16;Segunda-Feira;NAO;NULL;NAO;12;Dezembro;4;NOME_TRIMESTRE;2;NOME_SEMESTRE;2024
717;DIA;2024-12-17 00:00:00.000;17;Terça-Feira;NAO;NULL;NAO;12;Dezembro;4;NOME_TRIMESTRE;2;NOME_SEMESTRE;2024
718;DIA;2024-12-18 00:00:00.000;18;Quarta-Feira;NAO;NULL;NAO;12;Dezembro;4;NOME_TRIMESTRE;2;NOME_SEMESTRE;2024
719;DIA;2024-12-19 00:00:00.000;19;Quinta-Feira;NAO;NULL;NAO;12;Dezembro;4;NOME_TRIMESTRE;2;NOME_SEMESTRE;2024
720;DIA;2024-12-20 00:00:00.000;20;Sexta-Feira;NAO;NULL;NAO;12;Dezembro;4;NOME_TRIMESTRE;2;NOME_SEMESTRE;2024
721;DIA;2024-12-21 00:00:00.000;21;Sábado;SIM;NULL;NAO;12;Dezembro;4;NOME_TRIMESTRE;2;NOME_SEMESTRE;2024
722;DIA;2024-12-22 00:00:00.000;22;Domingo;SIM;NULL;NAO;12;Dezembro;4;NOME_TRIMESTRE;2;NOME_SEMESTRE;2024
723;DIA;2024-12-23 00:00:00.000;23;Segunda-Feira;NAO;NULL;NAO;12;Dezembro;4;NOME_TRIMESTRE;2;NOME_SEMESTRE;2024
724;DIA;2024-12-24 00:00:00.000;24;Terça-Feira;NAO;NULL;NAO;12;Dezembro;4;NOME_TRIMESTRE;2;NOME_SEMESTRE;2024
725;DIA;2024-12-25 00:00:00.000;25;Quarta-Feira;NAO;Natal;SIM;12;Dezembro;4;NOME_TRIMESTRE;2;NOME_SEMESTRE;2024
726;DIA;2024-12-26 00:00:00.000;26;Quinta-Feira;NAO;NULL;NAO;12;Dezembro;4;NOME_TRIMESTRE;2;NOME_SEMESTRE;2024
727;DIA;2024-12-27 00:00:00.000;27;Sexta-Feira;NAO;NULL;NAO;12;Dezembro;4;NOME_TRIMESTRE;2;NOME_SEMESTRE;2024
728;DIA;2024-12-28 00:00:00.000;28;Sábado;SIM;NULL;NAO;12;Dezembro;4;NOME_TRIMESTRE;2;NOME_SEMESTRE;2024
729;DIA;2024-12-29 00:00:00.000;29;Domingo;SIM;NULL;NAO;12;Dezembro;4;NOME_TRIMESTRE;2;NOME_SEMESTRE;2024
730;DIA;2024-12-30 00:00:00.000;30;Segunda-Feira;NAO;NULL;NAO;12;Dezembro;4;NOME_TRIMESTRE;2;NOME_SEMESTRE;2024
731;DIA;2024-12-31 00:00:00.000;31;Terça-Feira;NAO;NULL;NAO;12;Dezembro;4;NOME_TRIMESTRE;2;NOME_SEMESTRE;2024
